# CentVoxTetrahedralizerHybrid tetrahedral mesh
# Detection mode: HYBRID
# Grid: 20^3
# Merge block size: 1
# Protection layers: 1
# Smoothed: Yes
# Vertices: 1269
# Tetrahedra: 4010

VERTICES
0.087396 -0.873963 -0.436982
0.174793 -0.873963 -0.436982
0.087396 -0.786567 -0.436982
0.174793 -0.786567 -0.436982
0.087396 -0.873963 -0.349585
0.174793 -0.873963 -0.349585
0.087396 -0.786567 -0.349585
0.174793 -0.786567 -0.349585
0.262189 -0.873963 -0.436982
0.262189 -0.786567 -0.436982
0.262189 -0.873963 -0.349585
0.262189 -0.786567 -0.349585
0.349585 -0.873963 -0.436982
0.349585 -0.786567 -0.436982
0.349585 -0.873963 -0.349585
0.349585 -0.786567 -0.349585
0.087396 -0.699171 -0.436982
0.174793 -0.699171 -0.436982
0.087396 -0.699171 -0.349585
0.174793 -0.699171 -0.349585
0.262189 -0.699171 -0.436982
0.262189 -0.699171 -0.349585
0.349585 -0.699171 -0.436982
0.349585 -0.699171 -0.349585
0.174793 -0.611774 -0.436982
0.262189 -0.611774 -0.436982
0.174793 -0.611774 -0.349585
0.262189 -0.611774 -0.349585
0.087396 0.087396 -0.436982
0.174793 0.087396 -0.436982
0.087396 0.174793 -0.436982
0.174793 0.174793 -0.436982
0.087396 0.087396 -0.349585
0.174793 0.087396 -0.349585
0.087396 0.174793 -0.349585
0.174793 0.174793 -0.349585
0.262189 0.087396 -0.436982
0.262189 0.174793 -0.436982
0.262189 0.087396 -0.349585
0.262189 0.174793 -0.349585
0.087396 0.262189 -0.436982
0.174793 0.262189 -0.436982
0.087396 0.262189 -0.349585
0.174793 0.262189 -0.349585
0.262189 0.262189 -0.436982
0.262189 0.262189 -0.349585
0.000000 0.262189 -0.436982
0.000000 0.349585 -0.436982
0.087396 0.349585 -0.436982
0.000000 0.262189 -0.349585
0.000000 0.349585 -0.349585
0.087396 0.349585 -0.349585
0.174793 0.349585 -0.436982
0.174793 0.349585 -0.349585
0.262189 0.349585 -0.436982
0.262189 0.349585 -0.349585
0.000000 0.436982 -0.436982
0.087396 0.436982 -0.436982
0.000000 0.436982 -0.349585
0.087396 0.436982 -0.349585
0.174793 0.436982 -0.436982
0.174793 0.436982 -0.349585
0.262189 0.436982 -0.436982
0.262189 0.436982 -0.349585
0.000000 0.524378 -0.436982
0.087396 0.524378 -0.436982
0.000000 0.524378 -0.349585
0.087396 0.524378 -0.349585
0.174793 0.524378 -0.436982
0.174793 0.524378 -0.349585
0.262189 0.524378 -0.436982
0.262189 0.524378 -0.349585
0.000000 0.611774 -0.436982
0.087396 0.611774 -0.436982
0.000000 0.611774 -0.349585
0.087396 0.611774 -0.349585
0.174793 0.611774 -0.436982
0.174793 0.611774 -0.349585
0.262189 0.611774 -0.436982
0.262189 0.611774 -0.349585
0.000000 0.699171 -0.436982
0.087396 0.699171 -0.436982
0.000000 0.699171 -0.349585
0.087396 0.699171 -0.349585
0.174793 0.699171 -0.436982
0.174793 0.699171 -0.349585
0.262189 0.699171 -0.436982
0.262189 0.699171 -0.349585
0.000000 -0.873963 -0.349585
0.000000 -0.786567 -0.349585
0.000000 -0.873963 -0.262189
0.087396 -0.873963 -0.262189
0.000000 -0.786567 -0.262189
0.087396 -0.786567 -0.262189
0.174793 -0.873963 -0.262189
0.174793 -0.786567 -0.262189
0.262189 -0.873963 -0.262189
0.262189 -0.786567 -0.262189
0.349585 -0.873963 -0.262189
0.349585 -0.786567 -0.262189
0.436982 -0.873963 -0.349585
0.436982 -0.786567 -0.349585
0.436982 -0.873963 -0.262189
0.436982 -0.786567 -0.262189
0.000000 -0.699171 -0.349585
0.000000 -0.699171 -0.262189
0.087396 -0.699171 -0.262189
0.174793 -0.699171 -0.262189
0.262189 -0.699171 -0.262189
0.349585 -0.699171 -0.262189
0.436982 -0.699171 -0.349585
0.436982 -0.699171 -0.262189
0.000000 -0.611774 -0.349585
0.087396 -0.611774 -0.349585
0.000000 -0.611774 -0.262189
0.087396 -0.611774 -0.262189
0.174793 -0.611774 -0.262189
0.262189 -0.611774 -0.262189
0.349585 -0.611774 -0.349585
0.349585 -0.611774 -0.262189
0.087396 -0.524378 -0.349585
0.174793 -0.524378 -0.349585
0.087396 -0.524378 -0.262189
0.174793 -0.524378 -0.262189
0.262189 -0.524378 -0.349585
0.262189 -0.524378 -0.262189
0.349585 -0.524378 -0.349585
0.349585 -0.524378 -0.262189
0.174793 -0.436982 -0.349585
0.262189 -0.436982 -0.349585
0.174793 -0.436982 -0.262189
0.262189 -0.436982 -0.262189
0.349585 -0.436982 -0.349585
0.349585 -0.436982 -0.262189
0.087396 -0.087396 -0.349585
0.174793 -0.087396 -0.349585
0.087396 0.000000 -0.349585
0.174793 0.000000 -0.349585
0.087396 -0.087396 -0.262189
0.174793 -0.087396 -0.262189
0.087396 0.000000 -0.262189
0.174793 0.000000 -0.262189
0.262189 -0.087396 -0.349585
0.262189 0.000000 -0.349585
0.262189 -0.087396 -0.262189
0.262189 0.000000 -0.262189
0.000000 0.000000 -0.349585
0.000000 0.087396 -0.349585
0.000000 0.000000 -0.262189
0.000000 0.087396 -0.262189
0.087396 0.087396 -0.262189
0.174793 0.087396 -0.262189
0.262189 0.087396 -0.262189
0.000000 0.174793 -0.349585
0.000000 0.174793 -0.262189
0.087396 0.174793 -0.262189
0.174793 0.174793 -0.262189
0.262189 0.174793 -0.262189
0.000000 0.262189 -0.262189
0.087396 0.262189 -0.262189
0.174793 0.262189 -0.262189
0.262189 0.262189 -0.262189
0.000000 0.349585 -0.262189
0.087396 0.349585 -0.262189
0.174793 0.349585 -0.262189
0.262189 0.349585 -0.262189
0.000000 0.436982 -0.262189
0.087396 0.436982 -0.262189
0.174793 0.436982 -0.262189
0.262189 0.436982 -0.262189
0.000000 0.524378 -0.262189
0.087396 0.524378 -0.262189
0.174793 0.524378 -0.262189
0.262189 0.524378 -0.262189
0.000000 0.611774 -0.262189
0.087396 0.611774 -0.262189
0.174793 0.611774 -0.262189
0.262189 0.611774 -0.262189
0.349585 0.524378 -0.349585
0.349585 0.611774 -0.349585
0.349585 0.524378 -0.262189
0.349585 0.611774 -0.262189
0.000000 0.699171 -0.262189
0.087396 0.699171 -0.262189
0.174793 0.699171 -0.262189
0.262189 0.699171 -0.262189
0.349585 0.699171 -0.349585
0.349585 0.699171 -0.262189
0.087396 0.786567 -0.349585
0.174793 0.786567 -0.349585
0.087396 0.786567 -0.262189
0.174793 0.786567 -0.262189
0.262189 0.786567 -0.349585
0.262189 0.786567 -0.262189
-0.087396 -0.873963 -0.262189
-0.087396 -0.786567 -0.262189
-0.087396 -0.873963 -0.174793
0.000000 -0.873963 -0.174793
-0.087396 -0.786567 -0.174793
0.000000 -0.786567 -0.174793
0.087396 -0.873963 -0.174793
0.087396 -0.786567 -0.174793
0.174793 -0.873963 -0.174793
0.174793 -0.786567 -0.174793
0.262189 -0.873963 -0.174793
0.262189 -0.786567 -0.174793
0.349585 -0.873963 -0.174793
0.349585 -0.786567 -0.174793
0.436982 -0.873963 -0.174793
0.436982 -0.786567 -0.174793
-0.087396 -0.699171 -0.262189
-0.087396 -0.699171 -0.174793
0.000000 -0.699171 -0.174793
0.087396 -0.699171 -0.174793
0.174793 -0.699171 -0.174793
0.262189 -0.699171 -0.174793
0.349585 -0.699171 -0.174793
0.436982 -0.699171 -0.174793
-0.087396 -0.611774 -0.262189
-0.087396 -0.611774 -0.174793
0.000000 -0.611774 -0.174793
0.087396 -0.611774 -0.174793
0.174793 -0.611774 -0.174793
0.262189 -0.611774 -0.174793
0.349585 -0.611774 -0.174793
0.436982 -0.611774 -0.262189
0.436982 -0.611774 -0.174793
0.000000 -0.524378 -0.262189
0.000000 -0.524378 -0.174793
0.087396 -0.524378 -0.174793
0.174793 -0.524378 -0.174793
0.262189 -0.524378 -0.174793
0.349585 -0.524378 -0.174793
0.436982 -0.524378 -0.262189
0.436982 -0.524378 -0.174793
0.087396 -0.436982 -0.262189
0.087396 -0.436982 -0.174793
0.174793 -0.436982 -0.174793
0.262189 -0.436982 -0.174793
0.349585 -0.436982 -0.174793
0.436982 -0.436982 -0.262189
0.436982 -0.436982 -0.174793
0.174793 -0.349585 -0.262189
0.262189 -0.349585 -0.262189
0.174793 -0.349585 -0.174793
0.262189 -0.349585 -0.174793
0.349585 -0.349585 -0.262189
0.349585 -0.349585 -0.174793
0.436982 -0.349585 -0.262189
0.436982 -0.349585 -0.174793
0.174793 -0.262189 -0.262189
0.262189 -0.262189 -0.262189
0.174793 -0.262189 -0.174793
0.262189 -0.262189 -0.174793
0.349585 -0.262189 -0.262189
0.349585 -0.262189 -0.174793
0.436982 -0.262189 -0.262189
0.436982 -0.262189 -0.174793
0.524378 -0.349585 -0.262189
0.524378 -0.262189 -0.262189
0.524378 -0.349585 -0.174793
0.524378 -0.262189 -0.174793
0.087396 -0.262189 -0.262189
0.087396 -0.174793 -0.262189
0.174793 -0.174793 -0.262189
0.087396 -0.262189 -0.174793
0.087396 -0.174793 -0.174793
0.174793 -0.174793 -0.174793
0.262189 -0.174793 -0.262189
0.262189 -0.174793 -0.174793
0.349585 -0.174793 -0.262189
0.349585 -0.174793 -0.174793
0.436982 -0.174793 -0.262189
0.436982 -0.174793 -0.174793
0.524378 -0.174793 -0.262189
0.524378 -0.174793 -0.174793
0.611774 -0.262189 -0.262189
0.611774 -0.174793 -0.262189
0.611774 -0.262189 -0.174793
0.611774 -0.174793 -0.174793
0.087396 -0.087396 -0.174793
0.174793 -0.087396 -0.174793
0.262189 -0.087396 -0.174793
0.349585 -0.087396 -0.262189
0.349585 -0.087396 -0.174793
0.436982 -0.087396 -0.262189
0.436982 -0.087396 -0.174793
0.524378 -0.087396 -0.262189
0.524378 -0.087396 -0.174793
0.611774 -0.087396 -0.262189
0.611774 -0.087396 -0.174793
0.000000 -0.087396 -0.262189
0.000000 -0.087396 -0.174793
0.000000 0.000000 -0.174793
0.087396 0.000000 -0.174793
0.174793 0.000000 -0.174793
0.262189 0.000000 -0.174793
0.349585 0.000000 -0.262189
0.349585 0.000000 -0.174793
0.436982 0.000000 -0.262189
0.436982 0.000000 -0.174793
0.524378 0.000000 -0.262189
0.524378 0.000000 -0.174793
0.000000 0.087396 -0.174793
0.087396 0.087396 -0.174793
0.174793 0.087396 -0.174793
0.262189 0.087396 -0.174793
0.349585 0.087396 -0.262189
0.349585 0.087396 -0.174793
0.436982 0.087396 -0.262189
0.436982 0.087396 -0.174793
0.000000 0.174793 -0.174793
0.087396 0.174793 -0.174793
0.174793 0.174793 -0.174793
0.262189 0.174793 -0.174793
0.349585 0.174793 -0.262189
0.349585 0.174793 -0.174793
0.000000 0.262189 -0.174793
0.087396 0.262189 -0.174793
0.174793 0.262189 -0.174793
0.262189 0.262189 -0.174793
0.349585 0.262189 -0.262189
0.349585 0.262189 -0.174793
0.000000 0.349585 -0.174793
0.087396 0.349585 -0.174793
0.174793 0.349585 -0.174793
0.262189 0.349585 -0.174793
0.349585 0.349585 -0.262189
0.349585 0.349585 -0.174793
0.087396 0.436982 -0.174793
0.174793 0.436982 -0.174793
0.262189 0.436982 -0.174793
0.349585 0.436982 -0.262189
0.349585 0.436982 -0.174793
0.436982 0.349585 -0.262189
0.436982 0.436982 -0.262189
0.436982 0.349585 -0.174793
0.436982 0.436982 -0.174793
0.000000 0.436982 -0.174793
0.000000 0.524378 -0.174793
0.087396 0.524378 -0.174793
0.174793 0.524378 -0.174793
0.262189 0.524378 -0.174793
0.349585 0.524378 -0.174793
0.436982 0.524378 -0.262189
0.436982 0.524378 -0.174793
-0.087396 0.524378 -0.262189
-0.087396 0.611774 -0.262189
-0.087396 0.524378 -0.174793
-0.087396 0.611774 -0.174793
0.000000 0.611774 -0.174793
0.087396 0.611774 -0.174793
0.174793 0.611774 -0.174793
0.262189 0.611774 -0.174793
0.349585 0.611774 -0.174793
-0.087396 0.699171 -0.262189
-0.087396 0.699171 -0.174793
0.000000 0.699171 -0.174793
0.087396 0.699171 -0.174793
0.174793 0.699171 -0.174793
0.262189 0.699171 -0.174793
0.349585 0.699171 -0.174793
0.000000 0.786567 -0.262189
0.000000 0.786567 -0.174793
0.087396 0.786567 -0.174793
0.174793 0.786567 -0.174793
0.262189 0.786567 -0.174793
-0.087396 -0.873963 -0.087396
0.000000 -0.873963 -0.087396
-0.087396 -0.786567 -0.087396
0.000000 -0.786567 -0.087396
0.087396 -0.873963 -0.087396
0.087396 -0.786567 -0.087396
0.174793 -0.873963 -0.087396
0.174793 -0.786567 -0.087396
0.262189 -0.873963 -0.087396
0.262189 -0.786567 -0.087396
0.349585 -0.873963 -0.087396
0.349585 -0.786567 -0.087396
0.436982 -0.873963 -0.087396
0.436982 -0.786567 -0.087396
-0.087396 -0.699171 -0.087396
0.000000 -0.699171 -0.087396
0.087396 -0.699171 -0.087396
0.174793 -0.699171 -0.087396
0.262189 -0.699171 -0.087396
0.349585 -0.699171 -0.087396
0.436982 -0.699171 -0.087396
-0.087396 -0.611774 -0.087396
0.000000 -0.611774 -0.087396
0.087396 -0.611774 -0.087396
0.174793 -0.611774 -0.087396
0.262189 -0.611774 -0.087396
0.349585 -0.611774 -0.087396
0.436982 -0.611774 -0.087396
0.524378 -0.699171 -0.174793
0.524378 -0.611774 -0.174793
0.524378 -0.699171 -0.087396
0.524378 -0.611774 -0.087396
0.000000 -0.524378 -0.087396
0.087396 -0.524378 -0.087396
0.174793 -0.524378 -0.087396
0.262189 -0.524378 -0.087396
0.349585 -0.524378 -0.087396
0.436982 -0.524378 -0.087396
0.524378 -0.524378 -0.174793
0.524378 -0.524378 -0.087396
0.087396 -0.436982 -0.087396
0.174793 -0.436982 -0.087396
0.262189 -0.436982 -0.087396
0.349585 -0.436982 -0.087396
0.436982 -0.436982 -0.087396
0.524378 -0.436982 -0.174793
0.524378 -0.436982 -0.087396
0.174793 -0.349585 -0.087396
0.262189 -0.349585 -0.087396
0.349585 -0.349585 -0.087396
0.436982 -0.349585 -0.087396
0.524378 -0.349585 -0.087396
0.087396 -0.349585 -0.174793
0.087396 -0.349585 -0.087396
0.087396 -0.262189 -0.087396
0.174793 -0.262189 -0.087396
0.262189 -0.262189 -0.087396
0.349585 -0.262189 -0.087396
0.436982 -0.262189 -0.087396
0.524378 -0.262189 -0.087396
-0.611774 -0.262189 -0.174793
-0.524378 -0.262189 -0.174793
-0.611774 -0.174793 -0.174793
-0.524378 -0.174793 -0.174793
-0.611774 -0.262189 -0.087396
-0.524378 -0.262189 -0.087396
-0.611774 -0.174793 -0.087396
-0.524378 -0.174793 -0.087396
-0.436982 -0.262189 -0.174793
-0.436982 -0.174793 -0.174793
-0.436982 -0.262189 -0.087396
-0.436982 -0.174793 -0.087396
-0.349585 -0.262189 -0.174793
-0.349585 -0.174793 -0.174793
-0.349585 -0.262189 -0.087396
-0.349585 -0.174793 -0.087396
-0.262189 -0.262189 -0.174793
-0.262189 -0.174793 -0.174793
-0.262189 -0.262189 -0.087396
-0.262189 -0.174793 -0.087396
-0.174793 -0.262189 -0.174793
-0.174793 -0.174793 -0.174793
-0.174793 -0.262189 -0.087396
-0.174793 -0.174793 -0.087396
-0.087396 -0.262189 -0.174793
-0.087396 -0.174793 -0.174793
-0.087396 -0.262189 -0.087396
-0.087396 -0.174793 -0.087396
0.000000 -0.262189 -0.174793
0.000000 -0.174793 -0.174793
0.000000 -0.262189 -0.087396
0.000000 -0.174793 -0.087396
0.087396 -0.174793 -0.087396
0.174793 -0.174793 -0.087396
0.262189 -0.174793 -0.087396
0.349585 -0.174793 -0.087396
0.436982 -0.174793 -0.087396
0.524378 -0.174793 -0.087396
0.611774 -0.262189 -0.087396
0.611774 -0.174793 -0.087396
0.000000 -0.087396 -0.087396
0.087396 -0.087396 -0.087396
0.174793 -0.087396 -0.087396
0.262189 -0.087396 -0.087396
0.349585 -0.087396 -0.087396
0.436982 -0.087396 -0.087396
0.524378 -0.087396 -0.087396
0.611774 -0.087396 -0.087396
0.000000 0.000000 -0.087396
0.087396 0.000000 -0.087396
0.174793 0.000000 -0.087396
0.262189 0.000000 -0.087396
0.349585 0.000000 -0.087396
0.436982 0.000000 -0.087396
0.524378 0.000000 -0.087396
0.611774 0.000000 -0.174793
0.611774 0.000000 -0.087396
0.000000 0.087396 -0.087396
0.087396 0.087396 -0.087396
0.174793 0.087396 -0.087396
0.262189 0.087396 -0.087396
0.349585 0.087396 -0.087396
0.436982 0.087396 -0.087396
0.000000 0.174793 -0.087396
0.087396 0.174793 -0.087396
0.174793 0.174793 -0.087396
0.262189 0.174793 -0.087396
0.349585 0.174793 -0.087396
0.087396 0.262189 -0.087396
0.174793 0.262189 -0.087396
0.262189 0.262189 -0.087396
0.349585 0.262189 -0.087396
0.436982 0.174793 -0.174793
0.436982 0.262189 -0.174793
0.436982 0.174793 -0.087396
0.436982 0.262189 -0.087396
0.087396 0.349585 -0.087396
0.174793 0.349585 -0.087396
0.262189 0.349585 -0.087396
0.349585 0.349585 -0.087396
0.436982 0.349585 -0.087396
0.000000 0.349585 -0.087396
0.000000 0.436982 -0.087396
0.087396 0.436982 -0.087396
0.174793 0.436982 -0.087396
0.262189 0.436982 -0.087396
0.349585 0.436982 -0.087396
0.436982 0.436982 -0.087396
-0.087396 0.436982 -0.174793
-0.087396 0.436982 -0.087396
-0.087396 0.524378 -0.087396
0.000000 0.524378 -0.087396
0.087396 0.524378 -0.087396
0.174793 0.524378 -0.087396
0.262189 0.524378 -0.087396
0.349585 0.524378 -0.087396
0.436982 0.524378 -0.087396
0.524378 0.436982 -0.174793
0.524378 0.524378 -0.174793
0.524378 0.436982 -0.087396
0.524378 0.524378 -0.087396
-0.087396 0.611774 -0.087396
0.000000 0.611774 -0.087396
0.087396 0.611774 -0.087396
0.174793 0.611774 -0.087396
0.262189 0.611774 -0.087396
0.349585 0.611774 -0.087396
0.436982 0.611774 -0.174793
0.436982 0.611774 -0.087396
0.524378 0.611774 -0.174793
0.524378 0.611774 -0.087396
-0.087396 0.699171 -0.087396
0.000000 0.699171 -0.087396
0.087396 0.699171 -0.087396
0.174793 0.699171 -0.087396
0.262189 0.699171 -0.087396
0.349585 0.699171 -0.087396
0.436982 0.699171 -0.174793
0.436982 0.699171 -0.087396
0.000000 0.786567 -0.087396
0.087396 0.786567 -0.087396
0.174793 0.786567 -0.087396
0.262189 0.786567 -0.087396
0.349585 0.786567 -0.174793
0.349585 0.786567 -0.087396
0.174793 0.873963 -0.174793
0.262189 0.873963 -0.174793
0.174793 0.873963 -0.087396
0.262189 0.873963 -0.087396
-0.087396 -0.873963 0.000000
0.000000 -0.873963 0.000000
-0.087396 -0.786567 0.000000
0.000000 -0.786567 0.000000
0.087396 -0.873963 0.000000
0.087396 -0.786567 0.000000
0.174793 -0.873963 0.000000
0.174793 -0.786567 0.000000
0.262189 -0.873963 0.000000
0.262189 -0.786567 0.000000
0.349585 -0.873963 0.000000
0.349585 -0.786567 0.000000
0.436982 -0.873963 0.000000
0.436982 -0.786567 0.000000
-0.087396 -0.699171 0.000000
0.000000 -0.699171 0.000000
0.087396 -0.699171 0.000000
0.174793 -0.699171 0.000000
0.262189 -0.699171 0.000000
0.349585 -0.699171 0.000000
0.436982 -0.699171 0.000000
0.524378 -0.786567 -0.087396
0.524378 -0.786567 0.000000
0.524378 -0.699171 0.000000
-0.087396 -0.611774 0.000000
0.000000 -0.611774 0.000000
0.087396 -0.611774 0.000000
0.174793 -0.611774 0.000000
0.262189 -0.611774 0.000000
0.349585 -0.611774 0.000000
0.436982 -0.611774 0.000000
0.524378 -0.611774 0.000000
0.000000 -0.524378 0.000000
0.087396 -0.524378 0.000000
0.174793 -0.524378 0.000000
0.262189 -0.524378 0.000000
0.349585 -0.524378 0.000000
0.436982 -0.524378 0.000000
0.524378 -0.524378 0.000000
0.087396 -0.436982 0.000000
0.174793 -0.436982 0.000000
0.262189 -0.436982 0.000000
0.349585 -0.436982 0.000000
0.436982 -0.436982 0.000000
0.524378 -0.436982 0.000000
0.087396 -0.349585 0.000000
0.174793 -0.349585 0.000000
0.262189 -0.349585 0.000000
0.349585 -0.349585 0.000000
0.436982 -0.349585 0.000000
0.524378 -0.349585 0.000000
0.611774 -0.436982 -0.087396
0.611774 -0.349585 -0.087396
0.611774 -0.436982 0.000000
0.611774 -0.349585 0.000000
0.087396 -0.262189 0.000000
0.174793 -0.262189 0.000000
0.262189 -0.262189 0.000000
0.349585 -0.262189 0.000000
0.436982 -0.262189 0.000000
0.524378 -0.262189 0.000000
0.611774 -0.262189 0.000000
0.087396 -0.174793 0.000000
0.174793 -0.174793 0.000000
0.262189 -0.174793 0.000000
0.349585 -0.174793 0.000000
0.436982 -0.174793 0.000000
0.524378 -0.174793 0.000000
0.611774 -0.174793 0.000000
0.000000 -0.174793 0.000000
0.000000 -0.087396 0.000000
0.087396 -0.087396 0.000000
0.174793 -0.087396 0.000000
0.262189 -0.087396 0.000000
0.349585 -0.087396 0.000000
0.436982 -0.087396 0.000000
0.524378 -0.087396 0.000000
0.611774 -0.087396 0.000000
0.000000 0.000000 0.000000
0.087396 0.000000 0.000000
0.174793 0.000000 0.000000
0.262189 0.000000 0.000000
0.349585 0.000000 0.000000
0.436982 0.000000 0.000000
0.524378 0.000000 0.000000
0.611774 0.000000 0.000000
0.000000 0.087396 0.000000
0.087396 0.087396 0.000000
0.174793 0.087396 0.000000
0.262189 0.087396 0.000000
0.349585 0.087396 0.000000
0.436982 0.087396 0.000000
0.000000 0.174793 0.000000
0.087396 0.174793 0.000000
0.174793 0.174793 0.000000
0.262189 0.174793 0.000000
0.349585 0.174793 0.000000
0.436982 0.174793 0.000000
0.087396 0.262189 0.000000
0.174793 0.262189 0.000000
0.262189 0.262189 0.000000
0.349585 0.262189 0.000000
0.436982 0.262189 0.000000
-0.087396 0.262189 -0.087396
0.000000 0.262189 -0.087396
-0.087396 0.349585 -0.087396
-0.087396 0.262189 0.000000
0.000000 0.262189 0.000000
-0.087396 0.349585 0.000000
0.000000 0.349585 0.000000
0.087396 0.349585 0.000000
0.174793 0.349585 0.000000
0.262189 0.349585 0.000000
0.349585 0.349585 0.000000
0.436982 0.349585 0.000000
0.524378 0.262189 -0.087396
0.524378 0.349585 -0.087396
0.524378 0.262189 0.000000
0.524378 0.349585 0.000000
0.000000 0.436982 0.000000
0.087396 0.436982 0.000000
0.174793 0.436982 0.000000
0.262189 0.436982 0.000000
0.349585 0.436982 0.000000
0.436982 0.436982 0.000000
0.524378 0.436982 0.000000
-0.087396 0.436982 0.000000
-0.087396 0.524378 0.000000
0.000000 0.524378 0.000000
0.087396 0.524378 0.000000
0.174793 0.524378 0.000000
0.262189 0.524378 0.000000
0.349585 0.524378 0.000000
0.436982 0.524378 0.000000
0.524378 0.524378 0.000000
-0.087396 0.611774 0.000000
0.000000 0.611774 0.000000
0.087396 0.611774 0.000000
0.174793 0.611774 0.000000
0.262189 0.611774 0.000000
0.349585 0.611774 0.000000
0.436982 0.611774 0.000000
0.524378 0.611774 0.000000
-0.087396 0.699171 0.000000
0.000000 0.699171 0.000000
0.087396 0.699171 0.000000
0.174793 0.699171 0.000000
0.262189 0.699171 0.000000
0.349585 0.699171 0.000000
0.436982 0.699171 0.000000
0.000000 0.786567 0.000000
0.087396 0.786567 0.000000
0.174793 0.786567 0.000000
0.262189 0.786567 0.000000
0.349585 0.786567 0.000000
0.087396 0.873963 -0.087396
0.087396 0.873963 0.000000
0.174793 0.873963 0.000000
0.262189 0.873963 0.000000
0.000000 -0.873963 0.087396
0.087396 -0.873963 0.087396
0.000000 -0.786567 0.087396
0.087396 -0.786567 0.087396
0.174793 -0.873963 0.087396
0.174793 -0.786567 0.087396
0.262189 -0.873963 0.087396
0.262189 -0.786567 0.087396
0.349585 -0.873963 0.087396
0.349585 -0.786567 0.087396
0.436982 -0.873963 0.087396
0.436982 -0.786567 0.087396
0.524378 -0.873963 0.000000
0.524378 -0.873963 0.087396
0.524378 -0.786567 0.087396
-0.087396 -0.786567 0.087396
-0.087396 -0.699171 0.087396
0.000000 -0.699171 0.087396
0.087396 -0.699171 0.087396
0.174793 -0.699171 0.087396
0.262189 -0.699171 0.087396
0.349585 -0.699171 0.087396
0.436982 -0.699171 0.087396
0.524378 -0.699171 0.087396
-0.087396 -0.611774 0.087396
0.000000 -0.611774 0.087396
0.087396 -0.611774 0.087396
0.174793 -0.611774 0.087396
0.262189 -0.611774 0.087396
0.349585 -0.611774 0.087396
0.436982 -0.611774 0.087396
0.524378 -0.611774 0.087396
0.000000 -0.524378 0.087396
0.087396 -0.524378 0.087396
0.174793 -0.524378 0.087396
0.262189 -0.524378 0.087396
0.349585 -0.524378 0.087396
0.436982 -0.524378 0.087396
0.524378 -0.524378 0.087396
0.087396 -0.436982 0.087396
0.174793 -0.436982 0.087396
0.262189 -0.436982 0.087396
0.349585 -0.436982 0.087396
0.436982 -0.436982 0.087396
0.524378 -0.436982 0.087396
0.087396 -0.349585 0.087396
0.174793 -0.349585 0.087396
0.262189 -0.349585 0.087396
0.349585 -0.349585 0.087396
0.436982 -0.349585 0.087396
0.524378 -0.349585 0.087396
0.611774 -0.436982 0.087396
0.611774 -0.349585 0.087396
0.087396 -0.262189 0.087396
0.174793 -0.262189 0.087396
0.262189 -0.262189 0.087396
0.349585 -0.262189 0.087396
0.436982 -0.262189 0.087396
0.524378 -0.262189 0.087396
0.611774 -0.262189 0.087396
0.087396 -0.174793 0.087396
0.174793 -0.174793 0.087396
0.262189 -0.174793 0.087396
0.349585 -0.174793 0.087396
0.436982 -0.174793 0.087396
0.524378 -0.174793 0.087396
0.611774 -0.174793 0.087396
0.087396 -0.087396 0.087396
0.174793 -0.087396 0.087396
0.262189 -0.087396 0.087396
0.349585 -0.087396 0.087396
0.436982 -0.087396 0.087396
0.524378 -0.087396 0.087396
0.611774 -0.087396 0.087396
0.087396 0.000000 0.087396
0.174793 0.000000 0.087396
0.262189 0.000000 0.087396
0.349585 0.000000 0.087396
0.436982 0.000000 0.087396
0.524378 0.000000 0.087396
0.611774 0.000000 0.087396
0.000000 0.000000 0.087396
0.000000 0.087396 0.087396
0.087396 0.087396 0.087396
0.174793 0.087396 0.087396
0.262189 0.087396 0.087396
0.349585 0.087396 0.087396
0.436982 0.087396 0.087396
0.524378 0.087396 0.000000
0.524378 0.087396 0.087396
-0.087396 0.087396 0.000000
-0.087396 0.174793 0.000000
-0.087396 0.087396 0.087396
-0.087396 0.174793 0.087396
0.000000 0.174793 0.087396
0.087396 0.174793 0.087396
0.174793 0.174793 0.087396
0.262189 0.174793 0.087396
0.349585 0.174793 0.087396
0.436982 0.174793 0.087396
-0.087396 0.262189 0.087396
0.000000 0.262189 0.087396
0.087396 0.262189 0.087396
0.174793 0.262189 0.087396
0.262189 0.262189 0.087396
0.349585 0.262189 0.087396
0.436982 0.262189 0.087396
-0.087396 0.349585 0.087396
0.000000 0.349585 0.087396
0.087396 0.349585 0.087396
0.174793 0.349585 0.087396
0.262189 0.349585 0.087396
0.349585 0.349585 0.087396
0.436982 0.349585 0.087396
0.524378 0.262189 0.087396
0.524378 0.349585 0.087396
-0.087396 0.436982 0.087396
0.000000 0.436982 0.087396
0.087396 0.436982 0.087396
0.174793 0.436982 0.087396
0.262189 0.436982 0.087396
0.349585 0.436982 0.087396
0.436982 0.436982 0.087396
0.000000 0.524378 0.087396
0.087396 0.524378 0.087396
0.174793 0.524378 0.087396
0.262189 0.524378 0.087396
0.349585 0.524378 0.087396
0.436982 0.524378 0.087396
0.524378 0.436982 0.087396
0.524378 0.524378 0.087396
-0.087396 0.524378 0.087396
-0.087396 0.611774 0.087396
0.000000 0.611774 0.087396
0.087396 0.611774 0.087396
0.174793 0.611774 0.087396
0.262189 0.611774 0.087396
0.349585 0.611774 0.087396
0.436982 0.611774 0.087396
0.524378 0.611774 0.087396
-0.087396 0.699171 0.087396
0.000000 0.699171 0.087396
0.087396 0.699171 0.087396
0.174793 0.699171 0.087396
0.262189 0.699171 0.087396
0.349585 0.699171 0.087396
0.436982 0.699171 0.087396
-0.087396 0.786567 0.000000
-0.087396 0.786567 0.087396
0.000000 0.786567 0.087396
0.087396 0.786567 0.087396
0.174793 0.786567 0.087396
0.262189 0.786567 0.087396
0.349585 0.786567 0.087396
0.087396 0.873963 0.087396
0.174793 0.873963 0.087396
0.262189 0.873963 0.087396
0.349585 0.873963 0.000000
0.349585 0.873963 0.087396
0.000000 -0.873963 0.174793
0.087396 -0.873963 0.174793
0.000000 -0.786567 0.174793
0.087396 -0.786567 0.174793
0.174793 -0.873963 0.174793
0.174793 -0.786567 0.174793
0.262189 -0.873963 0.174793
0.262189 -0.786567 0.174793
0.349585 -0.873963 0.174793
0.349585 -0.786567 0.174793
0.436982 -0.873963 0.174793
0.436982 -0.786567 0.174793
0.524378 -0.873963 0.174793
0.524378 -0.786567 0.174793
-0.087396 -0.786567 0.174793
-0.087396 -0.699171 0.174793
0.000000 -0.699171 0.174793
0.087396 -0.699171 0.174793
0.174793 -0.699171 0.174793
0.262189 -0.699171 0.174793
0.349585 -0.699171 0.174793
0.436982 -0.699171 0.174793
0.524378 -0.699171 0.174793
-0.087396 -0.611774 0.174793
0.000000 -0.611774 0.174793
0.087396 -0.611774 0.174793
0.174793 -0.611774 0.174793
0.262189 -0.611774 0.174793
0.349585 -0.611774 0.174793
0.436982 -0.611774 0.174793
0.524378 -0.611774 0.174793
0.000000 -0.524378 0.174793
0.087396 -0.524378 0.174793
0.174793 -0.524378 0.174793
0.262189 -0.524378 0.174793
0.349585 -0.524378 0.174793
0.436982 -0.524378 0.174793
0.524378 -0.524378 0.174793
0.087396 -0.436982 0.174793
0.174793 -0.436982 0.174793
0.262189 -0.436982 0.174793
0.349585 -0.436982 0.174793
0.436982 -0.436982 0.174793
0.524378 -0.436982 0.174793
0.174793 -0.349585 0.174793
0.262189 -0.349585 0.174793
0.349585 -0.349585 0.174793
0.436982 -0.349585 0.174793
0.524378 -0.349585 0.174793
0.611774 -0.436982 0.174793
0.611774 -0.349585 0.174793
0.087396 -0.349585 0.174793
0.087396 -0.262189 0.174793
0.174793 -0.262189 0.174793
0.262189 -0.262189 0.174793
0.349585 -0.262189 0.174793
0.436982 -0.262189 0.174793
0.524378 -0.262189 0.174793
0.611774 -0.262189 0.174793
0.087396 -0.174793 0.174793
0.174793 -0.174793 0.174793
0.262189 -0.174793 0.174793
0.349585 -0.174793 0.174793
0.436982 -0.174793 0.174793
0.524378 -0.174793 0.174793
0.611774 -0.174793 0.174793
0.087396 -0.087396 0.174793
0.174793 -0.087396 0.174793
0.262189 -0.087396 0.174793
0.349585 -0.087396 0.174793
0.436982 -0.087396 0.174793
0.524378 -0.087396 0.174793
0.611774 -0.087396 0.174793
0.087396 0.000000 0.174793
0.174793 0.000000 0.174793
0.262189 0.000000 0.174793
0.349585 0.000000 0.174793
0.436982 0.000000 0.174793
0.524378 0.000000 0.174793
0.611774 0.000000 0.174793
-0.087396 0.000000 0.087396
-0.087396 0.000000 0.174793
0.000000 0.000000 0.174793
-0.087396 0.087396 0.174793
0.000000 0.087396 0.174793
0.087396 0.087396 0.174793
0.174793 0.087396 0.174793
0.262189 0.087396 0.174793
0.349585 0.087396 0.174793
0.436982 0.087396 0.174793
0.524378 0.087396 0.174793
-0.087396 0.174793 0.174793
0.000000 0.174793 0.174793
0.087396 0.174793 0.174793
0.174793 0.174793 0.174793
0.262189 0.174793 0.174793
0.349585 0.174793 0.174793
0.436982 0.174793 0.174793
-0.087396 0.262189 0.174793
0.000000 0.262189 0.174793
0.087396 0.262189 0.174793
0.174793 0.262189 0.174793
0.262189 0.262189 0.174793
0.349585 0.262189 0.174793
0.436982 0.262189 0.174793
-0.087396 0.349585 0.174793
0.000000 0.349585 0.174793
0.087396 0.349585 0.174793
0.174793 0.349585 0.174793
0.262189 0.349585 0.174793
0.349585 0.349585 0.174793
0.436982 0.349585 0.174793
0.000000 0.436982 0.174793
0.087396 0.436982 0.174793
0.174793 0.436982 0.174793
0.262189 0.436982 0.174793
0.349585 0.436982 0.174793
0.436982 0.436982 0.174793
0.000000 0.524378 0.174793
0.087396 0.524378 0.174793
0.174793 0.524378 0.174793
0.262189 0.524378 0.174793
0.349585 0.524378 0.174793
0.436982 0.524378 0.174793
0.524378 0.436982 0.174793
0.524378 0.524378 0.174793
0.000000 0.611774 0.174793
0.087396 0.611774 0.174793
0.174793 0.611774 0.174793
0.262189 0.611774 0.174793
0.349585 0.611774 0.174793
0.436982 0.611774 0.174793
0.000000 0.699171 0.174793
0.087396 0.699171 0.174793
0.174793 0.699171 0.174793
0.262189 0.699171 0.174793
0.349585 0.699171 0.174793
0.436982 0.699171 0.174793
0.000000 0.786567 0.174793
0.087396 0.786567 0.174793
0.174793 0.786567 0.174793
0.262189 0.786567 0.174793
0.349585 0.786567 0.174793
0.087396 0.873963 0.174793
0.174793 0.873963 0.174793
0.262189 0.873963 0.174793
0.000000 -0.873963 0.262189
0.087396 -0.873963 0.262189
0.000000 -0.786567 0.262189
0.087396 -0.786567 0.262189
0.174793 -0.873963 0.262189
0.174793 -0.786567 0.262189
0.262189 -0.873963 0.262189
0.262189 -0.786567 0.262189
0.349585 -0.873963 0.262189
0.349585 -0.786567 0.262189
0.436982 -0.873963 0.262189
0.436982 -0.786567 0.262189
0.524378 -0.873963 0.262189
0.524378 -0.786567 0.262189
0.000000 -0.699171 0.262189
0.087396 -0.699171 0.262189
0.174793 -0.699171 0.262189
0.262189 -0.699171 0.262189
0.349585 -0.699171 0.262189
0.436982 -0.699171 0.262189
0.524378 -0.699171 0.262189
0.000000 -0.611774 0.262189
0.087396 -0.611774 0.262189
0.174793 -0.611774 0.262189
0.262189 -0.611774 0.262189
0.349585 -0.611774 0.262189
0.436982 -0.611774 0.262189
0.087396 -0.524378 0.262189
0.174793 -0.524378 0.262189
0.262189 -0.524378 0.262189
0.349585 -0.524378 0.262189
0.436982 -0.524378 0.262189
0.087396 -0.436982 0.262189
0.174793 -0.436982 0.262189
0.262189 -0.436982 0.262189
0.349585 -0.436982 0.262189
0.436982 -0.436982 0.262189
0.524378 -0.524378 0.262189
0.524378 -0.436982 0.262189
0.174793 -0.349585 0.262189
0.262189 -0.349585 0.262189
0.349585 -0.349585 0.262189
0.436982 -0.349585 0.262189
0.524378 -0.349585 0.262189
0.174793 -0.262189 0.262189
0.262189 -0.262189 0.262189
0.349585 -0.262189 0.262189
0.436982 -0.262189 0.262189
0.524378 -0.262189 0.262189
0.087396 -0.262189 0.262189
0.087396 -0.174793 0.262189
0.174793 -0.174793 0.262189
0.262189 -0.174793 0.262189
0.349585 -0.174793 0.262189
0.436982 -0.174793 0.262189
0.524378 -0.174793 0.262189
0.611774 -0.262189 0.262189
0.611774 -0.174793 0.262189
0.087396 -0.087396 0.262189
0.174793 -0.087396 0.262189
0.262189 -0.087396 0.262189
0.349585 -0.087396 0.262189
0.436982 -0.087396 0.262189
0.524378 -0.087396 0.262189
0.611774 -0.087396 0.262189
0.087396 0.000000 0.262189
0.174793 0.000000 0.262189
0.262189 0.000000 0.262189
0.349585 0.000000 0.262189
0.436982 0.000000 0.262189
0.524378 0.000000 0.262189
0.611774 0.000000 0.262189
0.087396 0.087396 0.262189
0.174793 0.087396 0.262189
0.262189 0.087396 0.262189
0.349585 0.087396 0.262189
0.436982 0.087396 0.262189
0.524378 0.087396 0.262189
0.087396 0.174793 0.262189
0.174793 0.174793 0.262189
0.262189 0.174793 0.262189
0.349585 0.174793 0.262189
0.436982 0.174793 0.262189
0.087396 0.262189 0.262189
0.174793 0.262189 0.262189
0.262189 0.262189 0.262189
0.349585 0.262189 0.262189
0.436982 0.262189 0.262189
0.174793 0.349585 0.262189
0.262189 0.349585 0.262189
0.349585 0.349585 0.262189
0.436982 0.349585 0.262189
0.087396 0.349585 0.262189
0.087396 0.436982 0.262189
0.174793 0.436982 0.262189
0.262189 0.436982 0.262189
0.349585 0.436982 0.262189
0.436982 0.436982 0.262189
0.087396 0.524378 0.262189
0.174793 0.524378 0.262189
0.262189 0.524378 0.262189
0.349585 0.524378 0.262189
0.436982 0.524378 0.262189
0.000000 0.524378 0.262189
0.000000 0.611774 0.262189
0.087396 0.611774 0.262189
0.174793 0.611774 0.262189
0.262189 0.611774 0.262189
0.349585 0.611774 0.262189
0.436982 0.611774 0.262189
0.000000 0.699171 0.262189
0.087396 0.699171 0.262189
0.174793 0.699171 0.262189
0.262189 0.699171 0.262189
0.349585 0.699171 0.262189
0.436982 0.699171 0.262189
0.000000 0.786567 0.262189
0.087396 0.786567 0.262189
0.174793 0.786567 0.262189
0.262189 0.786567 0.262189
0.349585 0.786567 0.262189
0.436982 0.786567 0.174793
0.436982 0.786567 0.262189
0.087396 -0.873963 0.349585
0.174793 -0.873963 0.349585
0.087396 -0.786567 0.349585
0.174793 -0.786567 0.349585
0.262189 -0.873963 0.349585
0.262189 -0.786567 0.349585
0.349585 -0.873963 0.349585
0.349585 -0.786567 0.349585
0.436982 -0.873963 0.349585
0.436982 -0.786567 0.349585
0.087396 -0.699171 0.349585
0.174793 -0.699171 0.349585
0.262189 -0.699171 0.349585
0.349585 -0.699171 0.349585
0.436982 -0.699171 0.349585
0.087396 -0.611774 0.349585
0.174793 -0.611774 0.349585
0.262189 -0.611774 0.349585
0.349585 -0.611774 0.349585
0.436982 -0.611774 0.349585
0.174793 -0.524378 0.349585
0.262189 -0.524378 0.349585
0.349585 -0.524378 0.349585
0.262189 -0.436982 0.349585
0.349585 -0.436982 0.349585
0.436982 -0.524378 0.349585
0.436982 -0.436982 0.349585
0.262189 -0.349585 0.349585
0.349585 -0.349585 0.349585
0.436982 -0.349585 0.349585
0.174793 -0.349585 0.349585
0.174793 -0.262189 0.349585
0.262189 -0.262189 0.349585
0.349585 -0.262189 0.349585
0.436982 -0.262189 0.349585
0.174793 -0.174793 0.349585
0.262189 -0.174793 0.349585
0.349585 -0.174793 0.349585
0.436982 -0.174793 0.349585
0.524378 -0.262189 0.349585
0.524378 -0.174793 0.349585
0.174793 -0.087396 0.349585
0.262189 -0.087396 0.349585
0.349585 -0.087396 0.349585
0.436982 -0.087396 0.349585
0.524378 -0.087396 0.349585
0.087396 -0.087396 0.349585
0.087396 0.000000 0.349585
0.174793 0.000000 0.349585
0.262189 0.000000 0.349585
0.349585 0.000000 0.349585
0.436982 0.000000 0.349585
0.524378 0.000000 0.349585
0.087396 0.087396 0.349585
0.174793 0.087396 0.349585
0.262189 0.087396 0.349585
0.349585 0.087396 0.349585
0.436982 0.087396 0.349585
0.087396 0.174793 0.349585
0.174793 0.174793 0.349585
0.262189 0.174793 0.349585
0.349585 0.174793 0.349585
0.436982 0.174793 0.349585
0.087396 0.262189 0.349585
0.174793 0.262189 0.349585
0.262189 0.262189 0.349585
0.349585 0.262189 0.349585
0.436982 0.262189 0.349585
0.174793 0.349585 0.349585
0.262189 0.349585 0.349585
0.349585 0.349585 0.349585
0.436982 0.349585 0.349585
0.174793 0.436982 0.349585
0.262189 0.436982 0.349585
0.349585 0.436982 0.349585
0.436982 0.436982 0.349585
0.174793 0.524378 0.349585
0.262189 0.524378 0.349585
0.349585 0.524378 0.349585
0.436982 0.524378 0.349585
0.174793 0.611774 0.349585
0.262189 0.611774 0.349585
0.349585 0.611774 0.349585
0.436982 0.611774 0.349585
0.174793 0.699171 0.349585
0.262189 0.699171 0.349585
0.349585 0.699171 0.349585
0.436982 0.699171 0.349585
0.174793 0.786567 0.349585
0.262189 0.786567 0.349585
0.349585 0.786567 0.349585
0.436982 0.786567 0.349585
0.174793 0.087396 0.436982
0.262189 0.087396 0.436982
0.174793 0.174793 0.436982
0.262189 0.174793 0.436982
0.349585 0.087396 0.436982
0.349585 0.174793 0.436982
0.174793 0.262189 0.436982
0.262189 0.262189 0.436982
0.349585 0.262189 0.436982
0.436982 0.174793 0.436982
0.436982 0.262189 0.436982
0.174793 0.349585 0.436982
0.262189 0.349585 0.436982
0.349585 0.349585 0.436982
0.436982 0.349585 0.436982
0.174793 0.436982 0.436982
0.262189 0.436982 0.436982
0.349585 0.436982 0.436982
0.436982 0.436982 0.436982
0.174793 0.524378 0.436982
0.262189 0.524378 0.436982
0.349585 0.524378 0.436982
0.436982 0.524378 0.436982
0.174793 0.611774 0.436982
0.262189 0.611774 0.436982
0.349585 0.611774 0.436982
0.436982 0.611774 0.436982
0.174793 0.699171 0.436982
0.262189 0.699171 0.436982
0.349585 0.699171 0.436982
0.436982 0.699171 0.436982
0.262189 0.786567 0.436982
0.349585 0.786567 0.436982
0.436982 0.786567 0.436982

TETRAHEDRA
0 1 3 5
0 3 2 6
0 4 5 6
3 5 7 6
0 5 3 6
1 8 3 5
8 9 3 11
8 3 5 11
8 5 10 11
3 5 11 7
8 12 13 14
8 13 9 11
8 10 14 11
13 14 15 11
8 14 13 11
2 3 16 6
3 17 16 19
3 16 6 19
3 6 7 19
16 6 19 18
3 9 20 11
3 20 17 19
3 7 11 19
20 11 21 19
3 11 20 19
9 13 20 11
13 22 20 23
13 20 11 23
13 11 15 23
20 11 23 21
17 20 24 19
20 25 24 27
20 24 19 27
20 19 21 27
24 19 27 26
28 29 30 32
29 31 30 35
29 30 32 35
29 32 33 35
30 32 35 34
29 36 37 38
29 37 31 35
29 33 38 35
37 38 39 35
29 38 37 35
30 31 41 35
30 41 40 42
30 34 35 42
41 35 43 42
30 35 41 42
31 37 41 35
37 44 41 45
37 41 35 45
37 35 39 45
41 35 45 43
46 40 48 42
46 48 47 50
46 49 42 50
48 42 51 50
46 42 48 50
40 41 48 42
41 52 48 53
41 48 42 53
41 42 43 53
48 42 53 51
41 44 54 45
41 54 52 53
41 43 45 53
54 45 55 53
41 45 54 53
47 48 56 50
48 57 56 59
48 56 50 59
48 50 51 59
56 50 59 58
48 52 60 53
48 60 57 59
48 51 53 59
60 53 61 59
48 53 60 59
52 54 60 53
54 62 60 63
54 60 53 63
54 53 55 63
60 53 63 61
56 57 65 59
56 65 64 66
56 58 59 66
65 59 67 66
56 59 65 66
57 60 65 59
60 68 65 69
60 65 59 69
60 59 61 69
65 59 69 67
60 62 70 63
60 70 68 69
60 61 63 69
70 63 71 69
60 63 70 69
64 65 72 66
65 73 72 75
65 72 66 75
65 66 67 75
72 66 75 74
65 68 76 69
65 76 73 75
65 67 69 75
76 69 77 75
65 69 76 75
68 70 76 69
70 78 76 79
70 76 69 79
70 69 71 79
76 69 79 77
72 73 81 75
72 81 80 82
72 74 75 82
81 75 83 82
72 75 81 82
73 76 81 75
76 84 81 85
76 81 75 85
76 75 77 85
81 75 85 83
76 78 86 79
76 86 84 85
76 77 79 85
86 79 87 85
76 79 86 85
88 4 6 91
88 6 89 92
88 90 91 92
6 91 93 92
88 91 6 92
4 5 6 91
5 7 6 95
5 6 91 95
5 91 94 95
6 91 95 93
5 10 11 96
5 11 7 95
5 94 96 95
11 96 97 95
5 96 11 95
10 14 11 96
14 15 11 99
14 11 96 99
14 96 98 99
11 96 99 97
14 100 101 102
14 101 15 99
14 98 102 99
101 102 103 99
14 102 101 99
89 6 104 92
6 18 104 106
6 104 92 106
6 92 93 106
104 92 106 105
6 7 19 95
6 19 18 106
6 93 95 106
19 95 107 106
6 95 19 106
7 11 19 95
11 21 19 108
11 19 95 108
11 95 97 108
19 95 108 107
11 15 23 99
11 23 21 108
11 97 99 108
23 99 109 108
11 99 23 108
15 101 23 99
101 110 23 111
101 23 99 111
101 99 103 111
23 99 111 109
104 18 113 106
104 113 112 114
104 105 106 114
113 106 115 114
104 106 113 114
18 19 113 106
19 26 113 116
19 113 106 116
19 106 107 116
113 106 116 115
19 21 27 108
19 27 26 116
19 107 108 116
27 108 117 116
19 108 27 116
21 23 27 108
23 118 27 119
23 27 108 119
23 108 109 119
27 108 119 117
113 26 121 116
113 121 120 122
113 115 116 122
121 116 123 122
113 116 121 122
26 27 121 116
27 124 121 125
27 121 116 125
27 116 117 125
121 116 125 123
27 118 126 119
27 126 124 125
27 117 119 125
126 119 127 125
27 119 126 125
121 124 129 125
121 129 128 130
121 123 125 130
129 125 131 130
121 125 129 130
124 126 129 125
126 132 129 133
126 129 125 133
126 125 127 133
129 125 133 131
134 135 137 139
134 137 136 140
134 138 139 140
137 139 141 140
134 139 137 140
135 142 137 139
142 143 137 145
142 137 139 145
142 139 144 145
137 139 145 141
146 136 32 140
146 32 147 149
146 148 140 149
32 140 150 149
146 140 32 149
136 137 32 140
137 33 32 151
137 32 140 151
137 140 141 151
32 140 151 150
137 143 38 145
137 38 33 151
137 141 145 151
38 145 152 151
137 145 38 151
147 32 153 149
32 34 153 155
32 153 149 155
32 149 150 155
153 149 155 154
32 33 35 151
32 35 34 155
32 150 151 155
35 151 156 155
32 151 35 155
33 38 35 151
38 39 35 157
38 35 151 157
38 151 152 157
35 151 157 156
153 34 42 155
153 42 49 158
153 154 155 158
42 155 159 158
153 155 42 158
34 35 42 155
35 43 42 160
35 42 155 160
35 155 156 160
42 155 160 159
35 39 45 157
35 45 43 160
35 156 157 160
45 157 161 160
35 157 45 160
49 42 50 158
42 51 50 163
42 50 158 163
42 158 159 163
50 158 163 162
42 43 53 160
42 53 51 163
42 159 160 163
53 160 164 163
42 160 53 163
43 45 53 160
45 55 53 165
45 53 160 165
45 160 161 165
53 160 165 164
50 51 59 163
50 59 58 166
50 162 163 166
59 163 167 166
50 163 59 166
51 53 59 163
53 61 59 168
53 59 163 168
53 163 164 168
59 163 168 167
53 55 63 165
53 63 61 168
53 164 165 168
63 165 169 168
53 165 63 168
58 59 66 166
59 67 66 171
59 66 166 171
59 166 167 171
66 166 171 170
59 61 69 168
59 69 67 171
59 167 168 171
69 168 172 171
59 168 69 171
61 63 69 168
63 71 69 173
63 69 168 173
63 168 169 173
69 168 173 172
66 67 75 171
66 75 74 174
66 170 171 174
75 171 175 174
66 171 75 174
67 69 75 171
69 77 75 176
69 75 171 176
69 171 172 176
75 171 176 175
69 71 79 173
69 79 77 176
69 172 173 176
79 173 177 176
69 173 79 176
71 178 79 173
178 179 79 181
178 79 173 181
178 173 180 181
79 173 181 177
74 75 82 174
75 83 82 183
75 82 174 183
75 174 175 183
82 174 183 182
75 77 85 176
75 85 83 183
75 175 176 183
85 176 184 183
75 176 85 183
77 79 85 176
79 87 85 185
79 85 176 185
79 176 177 185
85 176 185 184
79 179 186 181
79 186 87 185
79 177 181 185
186 181 187 185
79 181 186 185
83 85 188 183
85 189 188 191
85 188 183 191
85 183 184 191
188 183 191 190
85 87 192 185
85 192 189 191
85 184 185 191
192 185 193 191
85 185 192 191
194 90 92 197
194 92 195 198
194 196 197 198
92 197 199 198
194 197 92 198
90 91 92 197
91 93 92 201
91 92 197 201
91 197 200 201
92 197 201 199
91 94 95 202
91 95 93 201
91 200 202 201
95 202 203 201
91 202 95 201
94 96 95 202
96 97 95 205
96 95 202 205
96 202 204 205
95 202 205 203
96 98 99 206
96 99 97 205
96 204 206 205
99 206 207 205
96 206 99 205
98 102 99 206
102 103 99 209
102 99 206 209
102 206 208 209
99 206 209 207
195 92 210 198
92 105 210 212
92 210 198 212
92 198 199 212
210 198 212 211
92 93 106 201
92 106 105 212
92 199 201 212
106 201 213 212
92 201 106 212
93 95 106 201
95 107 106 214
95 106 201 214
95 201 203 214
106 201 214 213
95 97 108 205
95 108 107 214
95 203 205 214
108 205 215 214
95 205 108 214
97 99 108 205
99 109 108 216
99 108 205 216
99 205 207 216
108 205 216 215
99 103 111 209
99 111 109 216
99 207 209 216
111 209 217 216
99 209 111 216
210 105 114 212
210 114 218 219
210 211 212 219
114 212 220 219
210 212 114 219
105 106 114 212
106 115 114 221
106 114 212 221
106 212 213 221
114 212 221 220
106 107 116 214
106 116 115 221
106 213 214 221
116 214 222 221
106 214 116 221
107 108 116 214
108 117 116 223
108 116 214 223
108 214 215 223
116 214 223 222
108 109 119 216
108 119 117 223
108 215 216 223
119 216 224 223
108 216 119 223
109 111 119 216
111 225 119 226
111 119 216 226
111 216 217 226
119 216 226 224
114 115 122 221
114 122 227 228
114 220 221 228
122 221 229 228
114 221 122 228
115 116 122 221
116 123 122 230
116 122 221 230
116 221 222 230
122 221 230 229
116 117 125 223
116 125 123 230
116 222 223 230
125 223 231 230
116 223 125 230
117 119 125 223
119 127 125 232
119 125 223 232
119 223 224 232
125 223 232 231
119 225 233 226
119 233 127 232
119 224 226 232
233 226 234 232
119 226 233 232
122 123 130 230
122 130 235 236
122 229 230 236
130 230 237 236
122 230 130 236
123 125 130 230
125 131 130 238
125 130 230 238
125 230 231 238
130 230 238 237
125 127 133 232
125 133 131 238
125 231 232 238
133 232 239 238
125 232 133 238
127 233 133 232
233 240 133 241
233 133 232 241
233 232 234 241
133 232 241 239
130 131 243 238
130 243 242 244
130 237 238 244
243 238 245 244
130 238 243 244
131 133 243 238
133 246 243 247
133 243 238 247
133 238 239 247
243 238 247 245
133 240 248 241
133 248 246 247
133 239 241 247
248 241 249 247
133 241 248 247
242 243 250 244
243 251 250 253
243 250 244 253
243 244 245 253
250 244 253 252
243 246 254 247
243 254 251 253
243 245 247 253
254 247 255 253
243 247 254 253
246 248 254 247
248 256 254 257
248 254 247 257
248 247 249 257
254 247 257 255
248 258 259 260
248 259 256 257
248 249 260 257
259 260 261 257
248 260 259 257
262 250 263 265
250 264 263 267
250 263 265 267
250 265 252 267
263 265 267 266
250 251 268 253
250 268 264 267
250 252 253 267
268 253 269 267
250 253 268 267
251 254 268 253
254 270 268 271
254 268 253 271
254 253 255 271
268 253 271 269
254 256 272 257
254 272 270 271
254 255 257 271
272 257 273 271
254 257 272 271
256 259 272 257
259 274 272 275
259 272 257 275
259 257 261 275
272 257 275 273
259 276 277 278
259 277 274 275
259 261 278 275
277 278 279 275
259 278 277 275
263 264 139 267
263 139 138 280
263 266 267 280
139 267 281 280
263 267 139 280
264 268 139 267
268 144 139 282
268 139 267 282
268 267 269 282
139 267 282 281
268 270 283 271
268 283 144 282
268 269 271 282
283 271 284 282
268 271 283 282
270 272 283 271
272 285 283 286
272 283 271 286
272 271 273 286
283 271 286 284
272 274 287 275
272 287 285 286
272 273 275 286
287 275 288 286
272 275 287 286
274 277 287 275
277 289 287 290
277 287 275 290
277 275 279 290
287 275 290 288
291 138 140 280
291 140 148 293
291 292 280 293
140 280 294 293
291 280 140 293
138 139 140 280
139 141 140 295
139 140 280 295
139 280 281 295
140 280 295 294
139 144 145 282
139 145 141 295
139 281 282 295
145 282 296 295
139 282 145 295
144 283 145 282
283 297 145 298
283 145 282 298
283 282 284 298
145 282 298 296
283 285 299 286
283 299 297 298
283 284 286 298
299 286 300 298
283 286 299 298
285 287 299 286
287 301 299 302
287 299 286 302
287 286 288 302
299 286 302 300
148 140 149 293
140 150 149 304
140 149 293 304
140 293 294 304
149 293 304 303
140 141 151 295
140 151 150 304
140 294 295 304
151 295 305 304
140 295 151 304
141 145 151 295
145 152 151 306
145 151 295 306
145 295 296 306
151 295 306 305
145 297 307 298
145 307 152 306
145 296 298 306
307 298 308 306
145 298 307 306
297 299 307 298
299 309 307 310
299 307 298 310
299 298 300 310
307 298 310 308
149 150 155 304
149 155 154 311
149 303 304 311
155 304 312 311
149 304 155 311
150 151 155 304
151 156 155 313
151 155 304 313
151 304 305 313
155 304 313 312
151 152 157 306
151 157 156 313
151 305 306 313
157 306 314 313
151 306 157 313
152 307 157 306
307 315 157 316
307 157 306 316
307 306 308 316
157 306 316 314
154 155 158 311
155 159 158 318
155 158 311 318
155 311 312 318
158 311 318 317
155 156 160 313
155 160 159 318
155 312 313 318
160 313 319 318
155 313 160 318
156 157 160 313
157 161 160 320
157 160 313 320
157 313 314 320
160 313 320 319
157 315 321 316
157 321 161 320
157 314 316 320
321 316 322 320
157 316 321 320
158 159 163 318
158 163 162 323
158 317 318 323
163 318 324 323
158 318 163 323
159 160 163 318
160 164 163 325
160 163 318 325
160 318 319 325
163 318 325 324
160 161 165 320
160 165 164 325
160 319 320 325
165 320 326 325
160 320 165 325
161 321 165 320
321 327 165 328
321 165 320 328
321 320 322 328
165 320 328 326
163 164 168 325
163 168 167 329
163 324 325 329
168 325 330 329
163 325 168 329
164 165 168 325
165 169 168 331
165 168 325 331
165 325 326 331
168 325 331 330
165 327 332 328
165 332 169 331
165 326 328 331
332 328 333 331
165 328 332 331
327 334 332 328
334 335 332 337
334 332 328 337
334 328 336 337
332 328 337 333
166 167 171 329
166 171 170 339
166 338 329 339
171 329 340 339
166 329 171 339
167 168 171 329
168 172 171 341
168 171 329 341
168 329 330 341
171 329 341 340
168 169 173 331
168 173 172 341
168 330 331 341
173 331 342 341
168 331 173 341
169 332 173 331
332 180 173 343
332 173 331 343
332 331 333 343
173 331 343 342
332 335 344 337
332 344 180 343
332 333 337 343
344 337 345 343
332 337 344 343
346 170 174 339
346 174 347 349
346 348 339 349
174 339 350 349
346 339 174 349
170 171 174 339
171 175 174 351
171 174 339 351
171 339 340 351
174 339 351 350
171 172 176 341
171 176 175 351
171 340 341 351
176 341 352 351
171 341 176 351
172 173 176 341
173 177 176 353
173 176 341 353
173 341 342 353
176 341 353 352
173 180 181 343
173 181 177 353
173 342 343 353
181 343 354 353
173 343 181 353
347 174 355 349
174 182 355 357
174 355 349 357
174 349 350 357
355 349 357 356
174 175 183 351
174 183 182 357
174 350 351 357
183 351 358 357
174 351 183 357
175 176 183 351
176 184 183 359
176 183 351 359
176 351 352 359
183 351 359 358
176 177 185 353
176 185 184 359
176 352 353 359
185 353 360 359
176 353 185 359
177 181 185 353
181 187 185 361
181 185 353 361
181 353 354 361
185 353 361 360
182 183 362 357
183 190 362 364
183 362 357 364
183 357 358 364
362 357 364 363
183 184 191 359
183 191 190 364
183 358 359 364
191 359 365 364
183 359 191 364
184 185 191 359
185 193 191 366
185 191 359 366
185 359 360 366
191 359 366 365
196 197 198 367
197 199 198 370
197 198 367 370
197 367 368 370
198 367 370 369
197 200 201 371
197 201 199 370
197 368 371 370
201 371 372 370
197 371 201 370
200 202 201 371
202 203 201 374
202 201 371 374
202 371 373 374
201 371 374 372
202 204 205 375
202 205 203 374
202 373 375 374
205 375 376 374
202 375 205 374
204 206 205 375
206 207 205 378
206 205 375 378
206 375 377 378
205 375 378 376
206 208 209 379
206 209 207 378
206 377 379 378
209 379 380 378
206 379 209 378
198 199 212 370
198 212 211 381
198 369 370 381
212 370 382 381
198 370 212 381
199 201 212 370
201 213 212 383
201 212 370 383
201 370 372 383
212 370 383 382
201 203 214 374
201 214 213 383
201 372 374 383
214 374 384 383
201 374 214 383
203 205 214 374
205 215 214 385
205 214 374 385
205 374 376 385
214 374 385 384
205 207 216 378
205 216 215 385
205 376 378 385
216 378 386 385
205 378 216 385
207 209 216 378
209 217 216 387
209 216 378 387
209 378 380 387
216 378 387 386
211 212 219 381
212 220 219 389
212 219 381 389
212 381 382 389
219 381 389 388
212 213 221 383
212 221 220 389
212 382 383 389
221 383 390 389
212 383 221 389
213 214 221 383
214 222 221 391
214 221 383 391
214 383 384 391
221 383 391 390
214 215 223 385
214 223 222 391
214 384 385 391
223 385 392 391
214 385 223 391
215 216 223 385
216 224 223 393
216 223 385 393
216 385 386 393
223 385 393 392
216 217 226 387
216 226 224 393
216 386 387 393
226 387 394 393
216 387 226 393
217 395 226 387
395 396 226 398
395 226 387 398
395 387 397 398
226 387 398 394
220 221 228 389
221 229 228 400
221 228 389 400
221 389 390 400
228 389 400 399
221 222 230 391
221 230 229 400
221 390 391 400
230 391 401 400
221 391 230 400
222 223 230 391
223 231 230 402
223 230 391 402
223 391 392 402
230 391 402 401
223 224 232 393
223 232 231 402
223 392 393 402
232 393 403 402
223 393 232 402
224 226 232 393
226 234 232 404
226 232 393 404
226 393 394 404
232 393 404 403
226 396 405 398
226 405 234 404
226 394 398 404
405 398 406 404
226 398 405 404
229 230 236 400
230 237 236 408
230 236 400 408
230 400 401 408
236 400 408 407
230 231 238 402
230 238 237 408
230 401 402 408
238 402 409 408
230 402 238 408
231 232 238 402
232 239 238 410
232 238 402 410
232 402 403 410
238 402 410 409
232 234 241 404
232 241 239 410
232 403 404 410
241 404 411 410
232 404 241 410
234 405 241 404
405 412 241 413
405 241 404 413
405 404 406 413
241 404 413 411
237 238 244 408
238 245 244 415
238 244 408 415
238 408 409 415
244 408 415 414
238 239 247 410
238 247 245 415
238 409 410 415
247 410 416 415
238 410 247 415
239 241 247 410
241 249 247 417
241 247 410 417
241 410 411 417
247 410 417 416
241 412 260 413
241 260 249 417
241 411 413 417
260 413 418 417
241 413 260 417
419 244 265 420
244 252 265 422
244 265 420 422
244 420 414 422
265 420 422 421
244 245 253 415
244 253 252 422
244 414 415 422
253 415 423 422
244 415 253 422
245 247 253 415
247 255 253 424
247 253 415 424
247 415 416 424
253 415 424 423
247 249 257 417
247 257 255 424
247 416 417 424
257 417 425 424
247 417 257 424
249 260 257 417
260 261 257 426
260 257 417 426
260 417 418 426
257 417 426 425
427 428 430 432
427 430 429 433
427 431 432 433
430 432 434 433
427 432 430 433
428 435 430 432
435 436 430 438
435 430 432 438
435 432 437 438
430 432 438 434
435 439 440 441
435 440 436 438
435 437 441 438
440 441 442 438
435 441 440 438
439 443 440 441
443 444 440 446
443 440 441 446
443 441 445 446
440 441 446 442
443 447 448 449
443 448 444 446
443 445 449 446
448 449 450 446
443 449 448 446
447 451 448 449
451 452 448 454
451 448 449 454
451 449 453 454
448 449 454 450
451 455 456 457
451 456 452 454
451 453 457 454
456 457 458 454
451 457 456 454
455 265 456 457
265 266 456 459
265 456 457 459
265 457 421 459
456 457 459 458
265 252 267 422
265 267 266 459
265 421 422 459
267 422 460 459
265 422 267 459
252 253 267 422
253 269 267 461
253 267 422 461
253 422 423 461
267 422 461 460
253 255 271 424
253 271 269 461
253 423 424 461
271 424 462 461
253 424 271 461
255 257 271 424
257 273 271 463
257 271 424 463
257 424 425 463
271 424 463 462
257 261 275 426
257 275 273 463
257 425 426 463
275 426 464 463
257 426 275 463
261 278 275 426
278 279 275 466
278 275 426 466
278 426 465 466
275 426 466 464
456 266 280 459
456 280 292 467
456 458 459 467
280 459 468 467
456 459 280 467
266 267 280 459
267 281 280 469
267 280 459 469
267 459 460 469
280 459 469 468
267 269 282 461
267 282 281 469
267 460 461 469
282 461 470 469
267 461 282 469
269 271 282 461
271 284 282 471
271 282 461 471
271 461 462 471
282 461 471 470
271 273 286 463
271 286 284 471
271 462 463 471
286 463 472 471
271 463 286 471
273 275 286 463
275 288 286 473
275 286 463 473
275 463 464 473
286 463 473 472
275 279 290 466
275 290 288 473
275 464 466 473
290 466 474 473
275 466 290 473
292 280 293 467
280 294 293 476
280 293 467 476
280 467 468 476
293 467 476 475
280 281 295 469
280 295 294 476
280 468 469 476
295 469 477 476
280 469 295 476
281 282 295 469
282 296 295 478
282 295 469 478
282 469 470 478
295 469 478 477
282 284 298 471
282 298 296 478
282 470 471 478
298 471 479 478
282 471 298 478
284 286 298 471
286 300 298 480
286 298 471 480
286 471 472 480
298 471 480 479
286 288 302 473
286 302 300 480
286 472 473 480
302 473 481 480
286 473 302 480
288 290 302 473
290 482 302 483
290 302 473 483
290 473 474 483
302 473 483 481
293 294 304 476
293 304 303 484
293 475 476 484
304 476 485 484
293 476 304 484
294 295 304 476
295 305 304 486
295 304 476 486
295 476 477 486
304 476 486 485
295 296 306 478
295 306 305 486
295 477 478 486
306 478 487 486
295 478 306 486
296 298 306 478
298 308 306 488
298 306 478 488
298 478 479 488
306 478 488 487
298 300 310 480
298 310 308 488
298 479 480 488
310 480 489 488
298 480 310 488
303 304 311 484
304 312 311 491
304 311 484 491
304 484 485 491
311 484 491 490
304 305 313 486
304 313 312 491
304 485 486 491
313 486 492 491
304 486 313 491
305 306 313 486
306 314 313 493
306 313 486 493
306 486 487 493
313 486 493 492
306 308 316 488
306 316 314 493
306 487 488 493
316 488 494 493
306 488 316 493
312 313 318 491
313 319 318 496
313 318 491 496
313 491 492 496
318 491 496 495
313 314 320 493
313 320 319 496
313 492 493 496
320 493 497 496
313 493 320 496
314 316 320 493
316 322 320 498
316 320 493 498
316 493 494 498
320 493 498 497
316 499 500 501
316 500 322 498
316 494 501 498
500 501 502 498
316 501 500 498
318 319 325 496
318 325 324 503
318 495 496 503
325 496 504 503
318 496 325 503
319 320 325 496
320 326 325 505
320 325 496 505
320 496 497 505
325 496 505 504
320 322 328 498
320 328 326 505
320 497 498 505
328 498 506 505
320 498 328 505
322 500 328 498
500 336 328 507
500 328 498 507
500 498 502 507
328 498 507 506
323 324 329 503
323 329 338 509
323 508 503 509
329 503 510 509
323 503 329 509
324 325 329 503
325 330 329 511
325 329 503 511
325 503 504 511
329 503 511 510
325 326 331 505
325 331 330 511
325 504 505 511
331 505 512 511
325 505 331 511
326 328 331 505
328 333 331 513
328 331 505 513
328 505 506 513
331 505 513 512
328 336 337 507
328 337 333 513
328 506 507 513
337 507 514 513
328 507 337 513
515 338 339 509
515 339 348 517
515 516 509 517
339 509 518 517
515 509 339 517
338 329 339 509
329 340 339 519
329 339 509 519
329 509 510 519
339 509 519 518
329 330 341 511
329 341 340 519
329 510 511 519
341 511 520 519
329 511 341 519
330 331 341 511
331 342 341 521
331 341 511 521
331 511 512 521
341 511 521 520
331 333 343 513
331 343 342 521
331 512 513 521
343 513 522 521
331 513 343 521
333 337 343 513
337 345 343 523
337 343 513 523
337 513 514 523
343 513 523 522
337 524 525 526
337 525 345 523
337 514 526 523
525 526 527 523
337 526 525 523
348 339 349 517
339 350 349 529
339 349 517 529
339 517 518 529
349 517 529 528
339 340 351 519
339 351 350 529
339 518 519 529
351 519 530 529
339 519 351 529
340 341 351 519
341 352 351 531
341 351 519 531
341 519 520 531
351 519 531 530
341 342 353 521
341 353 352 531
341 520 521 531
353 521 532 531
341 521 353 531
342 343 353 521
343 354 353 533
343 353 521 533
343 521 522 533
353 521 533 532
343 345 534 523
343 534 354 533
343 522 523 533
534 523 535 533
343 523 534 533
345 525 534 523
525 536 534 537
525 534 523 537
525 523 527 537
534 523 537 535
349 350 357 529
349 357 356 538
349 528 529 538
357 529 539 538
349 529 357 538
350 351 357 529
351 358 357 540
351 357 529 540
351 529 530 540
357 529 540 539
351 352 359 531
351 359 358 540
351 530 531 540
359 531 541 540
351 531 359 540
352 353 359 531
353 360 359 542
353 359 531 542
353 531 532 542
359 531 542 541
353 354 361 533
353 361 360 542
353 532 533 542
361 533 543 542
353 533 361 542
354 534 361 533
534 544 361 545
534 361 533 545
534 533 535 545
361 533 545 543
357 358 364 540
357 364 363 546
357 539 540 546
364 540 547 546
357 540 364 546
358 359 364 540
359 365 364 548
359 364 540 548
359 540 541 548
364 540 548 547
359 360 366 542
359 366 365 548
359 541 542 548
366 542 549 548
359 542 366 548
360 361 366 542
361 550 366 551
361 366 542 551
361 542 543 551
366 542 551 549
365 366 552 548
366 553 552 555
366 552 548 555
366 548 549 555
552 548 555 554
367 368 370 557
367 370 369 558
367 556 557 558
370 557 559 558
367 557 370 558
368 371 370 557
371 372 370 561
371 370 557 561
371 557 560 561
370 557 561 559
371 373 374 562
371 374 372 561
371 560 562 561
374 562 563 561
371 562 374 561
373 375 374 562
375 376 374 565
375 374 562 565
375 562 564 565
374 562 565 563
375 377 378 566
375 378 376 565
375 564 566 565
378 566 567 565
375 566 378 565
377 379 378 566
379 380 378 569
379 378 566 569
379 566 568 569
378 566 569 567
369 370 381 558
370 382 381 571
370 381 558 571
370 558 559 571
381 558 571 570
370 372 383 561
370 383 382 571
370 559 561 571
383 561 572 571
370 561 383 571
372 374 383 561
374 384 383 573
374 383 561 573
374 561 563 573
383 561 573 572
374 376 385 565
374 385 384 573
374 563 565 573
385 565 574 573
374 565 385 573
376 378 385 565
378 386 385 575
378 385 565 575
378 565 567 575
385 565 575 574
378 380 387 569
378 387 386 575
378 567 569 575
387 569 576 575
378 569 387 575
380 577 387 569
577 397 387 579
577 387 569 579
577 569 578 579
387 569 579 576
381 382 389 571
381 389 388 580
381 570 571 580
389 571 581 580
381 571 389 580
382 383 389 571
383 390 389 582
383 389 571 582
383 571 572 582
389 571 582 581
383 384 391 573
383 391 390 582
383 572 573 582
391 573 583 582
383 573 391 582
384 385 391 573
385 392 391 584
385 391 573 584
385 573 574 584
391 573 584 583
385 386 393 575
385 393 392 584
385 574 575 584
393 575 585 584
385 575 393 584
386 387 393 575
387 394 393 586
387 393 575 586
387 575 576 586
393 575 586 585
387 397 398 579
387 398 394 586
387 576 579 586
398 579 587 586
387 579 398 586
389 390 400 582
389 400 399 588
389 581 582 588
400 582 589 588
389 582 400 588
390 391 400 582
391 401 400 590
391 400 582 590
391 582 583 590
400 582 590 589
391 392 402 584
391 402 401 590
391 583 584 590
402 584 591 590
391 584 402 590
392 393 402 584
393 403 402 592
393 402 584 592
393 584 585 592
402 584 592 591
393 394 404 586
393 404 403 592
393 585 586 592
404 586 593 592
393 586 404 592
394 398 404 586
398 406 404 594
398 404 586 594
398 586 587 594
404 586 594 593
400 401 408 590
400 408 407 595
400 589 590 595
408 590 596 595
400 590 408 595
401 402 408 590
402 409 408 597
402 408 590 597
402 590 591 597
408 590 597 596
402 403 410 592
402 410 409 597
402 591 592 597
410 592 598 597
402 592 410 597
403 404 410 592
404 411 410 599
404 410 592 599
404 592 593 599
410 592 599 598
404 406 413 594
404 413 411 599
404 593 594 599
413 594 600 599
404 594 413 599
407 408 420 595
408 414 420 602
408 420 595 602
408 595 596 602
420 595 602 601
408 409 415 597
408 415 414 602
408 596 597 602
415 597 603 602
408 597 415 602
409 410 415 597
410 416 415 604
410 415 597 604
410 597 598 604
415 597 604 603
410 411 417 599
410 417 416 604
410 598 599 604
417 599 605 604
410 599 417 604
411 413 417 599
413 418 417 606
413 417 599 606
413 599 600 606
417 599 606 605
413 607 608 609
413 608 418 606
413 600 609 606
608 609 610 606
413 609 608 606
420 414 422 602
420 422 421 611
420 601 602 611
422 602 612 611
420 602 422 611
414 415 422 602
415 423 422 613
415 422 602 613
415 602 603 613
422 602 613 612
415 416 424 604
415 424 423 613
415 603 604 613
424 604 614 613
415 604 424 613
416 417 424 604
417 425 424 615
417 424 604 615
417 604 605 615
424 604 615 614
417 418 426 606
417 426 425 615
417 605 606 615
426 606 616 615
417 606 426 615
418 608 426 606
608 465 426 617
608 426 606 617
608 606 610 617
426 606 617 616
421 422 459 611
422 460 459 619
422 459 611 619
422 611 612 619
459 611 619 618
422 423 461 613
422 461 460 619
422 612 613 619
461 613 620 619
422 613 461 619
423 424 461 613
424 462 461 621
424 461 613 621
424 613 614 621
461 613 621 620
424 425 463 615
424 463 462 621
424 614 615 621
463 615 622 621
424 615 463 621
425 426 463 615
426 464 463 623
426 463 615 623
426 615 616 623
463 615 623 622
426 465 466 617
426 466 464 623
426 616 617 623
466 617 624 623
426 617 466 623
458 459 467 625
459 468 467 627
459 467 625 627
459 625 618 627
467 625 627 626
459 460 469 619
459 469 468 627
459 618 619 627
469 619 628 627
459 619 469 627
460 461 469 619
461 470 469 629
461 469 619 629
461 619 620 629
469 619 629 628
461 462 471 621
461 471 470 629
461 620 621 629
471 621 630 629
461 621 471 629
462 463 471 621
463 472 471 631
463 471 621 631
463 621 622 631
471 621 631 630
463 464 473 623
463 473 472 631
463 622 623 631
473 623 632 631
463 623 473 631
464 466 473 623
466 474 473 633
466 473 623 633
466 623 624 633
473 623 633 632
467 468 476 627
467 476 475 634
467 626 627 634
476 627 635 634
467 627 476 634
468 469 476 627
469 477 476 636
469 476 627 636
469 627 628 636
476 627 636 635
469 470 478 629
469 478 477 636
469 628 629 636
478 629 637 636
469 629 478 636
470 471 478 629
471 479 478 638
471 478 629 638
471 629 630 638
478 629 638 637
471 472 480 631
471 480 479 638
471 630 631 638
480 631 639 638
471 631 480 638
472 473 480 631
473 481 480 640
473 480 631 640
473 631 632 640
480 631 640 639
473 474 483 633
473 483 481 640
473 632 633 640
483 633 641 640
473 633 483 640
475 476 484 634
476 485 484 643
476 484 634 643
476 634 635 643
484 634 643 642
476 477 486 636
476 486 485 643
476 635 636 643
486 636 644 643
476 636 486 643
477 478 486 636
478 487 486 645
478 486 636 645
478 636 637 645
486 636 645 644
478 479 488 638
478 488 487 645
478 637 638 645
488 638 646 645
478 638 488 645
479 480 488 638
480 489 488 647
480 488 638 647
480 638 639 647
488 638 647 646
484 485 491 643
484 491 490 648
484 642 643 648
491 643 649 648
484 643 491 648
485 486 491 643
486 492 491 650
486 491 643 650
486 643 644 650
491 643 650 649
486 487 493 645
486 493 492 650
486 644 645 650
493 645 651 650
486 645 493 650
487 488 493 645
488 494 493 652
488 493 645 652
488 645 646 652
493 645 652 651
488 489 501 647
488 501 494 652
488 646 647 652
501 647 653 652
488 647 501 652
491 492 496 650
491 496 495 654
491 649 650 654
496 650 655 654
491 650 496 654
492 493 496 650
493 497 496 656
493 496 650 656
493 650 651 656
496 650 656 655
493 494 498 652
493 498 497 656
493 651 652 656
498 652 657 656
493 652 498 656
494 501 498 652
501 502 498 658
501 498 652 658
501 652 653 658
498 652 658 657
659 660 661 662
660 508 661 665
660 661 662 665
660 662 663 665
661 662 665 664
660 495 503 654
660 503 508 665
660 663 654 665
503 654 666 665
660 654 503 665
495 496 503 654
496 504 503 667
496 503 654 667
496 654 655 667
503 654 667 666
496 497 505 656
496 505 504 667
496 655 656 667
505 656 668 667
496 656 505 667
497 498 505 656
498 506 505 669
498 505 656 669
498 656 657 669
505 656 669 668
498 502 507 658
498 507 506 669
498 657 658 669
507 658 670 669
498 658 507 669
502 671 507 658
671 672 507 674
671 507 658 674
671 658 673 674
507 658 674 670
508 503 509 665
503 510 509 676
503 509 665 676
503 665 666 676
509 665 676 675
503 504 511 667
503 511 510 676
503 666 667 676
511 667 677 676
503 667 511 676
504 505 511 667
505 512 511 678
505 511 667 678
505 667 668 678
511 667 678 677
505 506 513 669
505 513 512 678
505 668 669 678
513 669 679 678
505 669 513 678
506 507 513 669
507 514 513 680
507 513 669 680
507 669 670 680
513 669 680 679
507 672 526 674
507 526 514 680
507 670 674 680
526 674 681 680
507 674 526 680
516 509 517 682
509 518 517 684
509 517 682 684
509 682 675 684
517 682 684 683
509 510 519 676
509 519 518 684
509 675 676 684
519 676 685 684
509 676 519 684
510 511 519 676
511 520 519 686
511 519 676 686
511 676 677 686
519 676 686 685
511 512 521 678
511 521 520 686
511 677 678 686
521 678 687 686
511 678 521 686
512 513 521 678
513 522 521 688
513 521 678 688
513 678 679 688
521 678 688 687
513 514 523 680
513 523 522 688
513 679 680 688
523 680 689 688
513 680 523 688
514 526 523 680
526 527 523 690
526 523 680 690
526 680 681 690
523 680 690 689
517 518 529 684
517 529 528 691
517 683 684 691
529 684 692 691
517 684 529 691
518 519 529 684
519 530 529 693
519 529 684 693
519 684 685 693
529 684 693 692
519 520 531 686
519 531 530 693
519 685 686 693
531 686 694 693
519 686 531 693
520 521 531 686
521 532 531 695
521 531 686 695
521 686 687 695
531 686 695 694
521 522 533 688
521 533 532 695
521 687 688 695
533 688 696 695
521 688 533 695
522 523 533 688
523 535 533 697
523 533 688 697
523 688 689 697
533 688 697 696
523 527 537 690
523 537 535 697
523 689 690 697
537 690 698 697
523 690 537 697
528 529 538 691
529 539 538 700
529 538 691 700
529 691 692 700
538 691 700 699
529 530 540 693
529 540 539 700
529 692 693 700
540 693 701 700
529 693 540 700
530 531 540 693
531 541 540 702
531 540 693 702
531 693 694 702
540 693 702 701
531 532 542 695
531 542 541 702
531 694 695 702
542 695 703 702
531 695 542 702
532 533 542 695
533 543 542 704
533 542 695 704
533 695 696 704
542 695 704 703
533 535 545 697
533 545 543 704
533 696 697 704
545 697 705 704
533 697 545 704
539 540 546 700
540 547 546 707
540 546 700 707
540 700 701 707
546 700 707 706
540 541 548 702
540 548 547 707
540 701 702 707
548 702 708 707
540 702 548 707
541 542 548 702
542 549 548 709
542 548 702 709
542 702 703 709
548 702 709 708
542 543 551 704
542 551 549 709
542 703 704 709
551 704 710 709
542 704 551 709
547 548 711 707
548 554 711 713
548 711 707 713
548 707 708 713
711 707 713 712
548 549 555 709
548 555 554 713
548 708 709 713
555 709 714 713
548 709 555 713
557 560 561 716
557 561 559 717
557 715 716 717
561 716 718 717
557 716 561 717
560 562 561 716
562 563 561 720
562 561 716 720
562 716 719 720
561 716 720 718
562 564 565 721
562 565 563 720
562 719 721 720
565 721 722 720
562 721 565 720
564 566 565 721
566 567 565 724
566 565 721 724
566 721 723 724
565 721 724 722
566 568 569 725
566 569 567 724
566 723 725 724
569 725 726 724
566 725 569 724
568 727 569 725
727 578 569 729
727 569 725 729
727 725 728 729
569 725 729 726
558 559 571 717
558 571 570 731
558 730 717 731
571 717 732 731
558 717 571 731
559 561 571 717
561 572 571 733
561 571 717 733
561 717 718 733
571 717 733 732
561 563 573 720
561 573 572 733
561 718 720 733
573 720 734 733
561 720 573 733
563 565 573 720
565 574 573 735
565 573 720 735
565 720 722 735
573 720 735 734
565 567 575 724
565 575 574 735
565 722 724 735
575 724 736 735
565 724 575 735
567 569 575 724
569 576 575 737
569 575 724 737
569 724 726 737
575 724 737 736
569 578 579 729
569 579 576 737
569 726 729 737
579 729 738 737
569 729 579 737
570 571 580 731
571 581 580 740
571 580 731 740
571 731 732 740
580 731 740 739
571 572 582 733
571 582 581 740
571 732 733 740
582 733 741 740
571 733 582 740
572 573 582 733
573 583 582 742
573 582 733 742
573 733 734 742
582 733 742 741
573 574 584 735
573 584 583 742
573 734 735 742
584 735 743 742
573 735 584 742
574 575 584 735
575 585 584 744
575 584 735 744
575 735 736 744
584 735 744 743
575 576 586 737
575 586 585 744
575 736 737 744
586 737 745 744
575 737 586 744
576 579 586 737
579 587 586 746
579 586 737 746
579 737 738 746
586 737 746 745
581 582 588 740
582 589 588 748
582 588 740 748
582 740 741 748
588 740 748 747
582 583 590 742
582 590 589 748
582 741 742 748
590 742 749 748
582 742 590 748
583 584 590 742
584 591 590 750
584 590 742 750
584 742 743 750
590 742 750 749
584 585 592 744
584 592 591 750
584 743 744 750
592 744 751 750
584 744 592 750
585 586 592 744
586 593 592 752
586 592 744 752
586 744 745 752
592 744 752 751
586 587 594 746
586 594 593 752
586 745 746 752
594 746 753 752
586 746 594 752
589 590 595 748
590 596 595 755
590 595 748 755
590 748 749 755
595 748 755 754
590 591 597 750
590 597 596 755
590 749 750 755
597 750 756 755
590 750 597 755
591 592 597 750
592 598 597 757
592 597 750 757
592 750 751 757
597 750 757 756
592 593 599 752
592 599 598 757
592 751 752 757
599 752 758 757
592 752 599 757
593 594 599 752
594 600 599 759
594 599 752 759
594 752 753 759
599 752 759 758
595 596 602 755
595 602 601 760
595 754 755 760
602 755 761 760
595 755 602 760
596 597 602 755
597 603 602 762
597 602 755 762
597 755 756 762
602 755 762 761
597 598 604 757
597 604 603 762
597 756 757 762
604 757 763 762
597 757 604 762
598 599 604 757
599 605 604 764
599 604 757 764
599 757 758 764
604 757 764 763
599 600 606 759
599 606 605 764
599 758 759 764
606 759 765 764
599 759 606 764
600 609 606 759
609 610 606 767
609 606 759 767
609 759 766 767
606 759 767 765
601 602 611 760
602 612 611 769
602 611 760 769
602 760 761 769
611 760 769 768
602 603 613 762
602 613 612 769
602 761 762 769
613 762 770 769
602 762 613 769
603 604 613 762
604 614 613 771
604 613 762 771
604 762 763 771
613 762 771 770
604 605 615 764
604 615 614 771
604 763 764 771
615 764 772 771
604 764 615 771
605 606 615 764
606 616 615 773
606 615 764 773
606 764 765 773
615 764 773 772
606 610 617 767
606 617 616 773
606 765 767 773
617 767 774 773
606 767 617 773
611 612 619 769
611 619 618 775
611 768 769 775
619 769 776 775
611 769 619 775
612 613 619 769
613 620 619 777
613 619 769 777
613 769 770 777
619 769 777 776
613 614 621 771
613 621 620 777
613 770 771 777
621 771 778 777
613 771 621 777
614 615 621 771
615 622 621 779
615 621 771 779
615 771 772 779
621 771 779 778
615 616 623 773
615 623 622 779
615 772 773 779
623 773 780 779
615 773 623 779
616 617 623 773
617 624 623 781
617 623 773 781
617 773 774 781
623 773 781 780
618 619 627 775
619 628 627 783
619 627 775 783
619 775 776 783
627 775 783 782
619 620 629 777
619 629 628 783
619 776 777 783
629 777 784 783
619 777 629 783
620 621 629 777
621 630 629 785
621 629 777 785
621 777 778 785
629 777 785 784
621 622 631 779
621 631 630 785
621 778 779 785
631 779 786 785
621 779 631 785
622 623 631 779
623 632 631 787
623 631 779 787
623 779 780 787
631 779 787 786
623 624 633 781
623 633 632 787
623 780 781 787
633 781 788 787
623 781 633 787
627 628 636 783
627 636 635 789
627 782 783 789
636 783 790 789
627 783 636 789
628 629 636 783
629 637 636 791
629 636 783 791
629 783 784 791
636 783 791 790
629 630 638 785
629 638 637 791
629 784 785 791
638 785 792 791
629 785 638 791
630 631 638 785
631 639 638 793
631 638 785 793
631 785 786 793
638 785 793 792
631 632 640 787
631 640 639 793
631 786 787 793
640 787 794 793
631 787 640 793
632 633 640 787
633 641 640 795
633 640 787 795
633 787 788 795
640 787 795 794
634 635 643 789
634 643 642 797
634 796 789 797
643 789 798 797
634 789 643 797
635 636 643 789
636 644 643 799
636 643 789 799
636 789 790 799
643 789 799 798
636 637 645 791
636 645 644 799
636 790 791 799
645 791 800 799
636 791 645 799
637 638 645 791
638 646 645 801
638 645 791 801
638 791 792 801
645 791 801 800
638 639 647 793
638 647 646 801
638 792 793 801
647 793 802 801
638 793 647 801
639 640 647 793
640 803 647 804
640 647 793 804
640 793 794 804
647 793 804 802
805 642 648 797
805 648 806 808
805 807 797 808
648 797 809 808
805 797 648 808
642 643 648 797
643 649 648 810
643 648 797 810
643 797 798 810
648 797 810 809
643 644 650 799
643 650 649 810
643 798 799 810
650 799 811 810
643 799 650 810
644 645 650 799
645 651 650 812
645 650 799 812
645 799 800 812
650 799 812 811
645 646 652 801
645 652 651 812
645 800 801 812
652 801 813 812
645 801 652 812
646 647 652 801
647 653 652 814
647 652 801 814
647 801 802 814
652 801 814 813
806 648 662 808
648 663 662 816
648 662 808 816
648 808 809 816
662 808 816 815
648 649 654 810
648 654 663 816
648 809 810 816
654 810 817 816
648 810 654 816
649 650 654 810
650 655 654 818
650 654 810 818
650 810 811 818
654 810 818 817
650 651 656 812
650 656 655 818
650 811 812 818
656 812 819 818
650 812 656 818
651 652 656 812
652 657 656 820
652 656 812 820
652 812 813 820
656 812 820 819
652 653 658 814
652 658 657 820
652 813 814 820
658 814 821 820
652 814 658 820
662 663 665 816
662 665 664 822
662 815 816 822
665 816 823 822
662 816 665 822
663 654 665 816
654 666 665 824
654 665 816 824
654 816 817 824
665 816 824 823
654 655 667 818
654 667 666 824
654 817 818 824
667 818 825 824
654 818 667 824
655 656 667 818
656 668 667 826
656 667 818 826
656 818 819 826
667 818 826 825
656 657 669 820
656 669 668 826
656 819 820 826
669 820 827 826
656 820 669 826
657 658 669 820
658 670 669 828
658 669 820 828
658 820 821 828
669 820 828 827
658 673 674 829
658 674 670 828
658 821 829 828
674 829 830 828
658 829 674 828
664 665 682 822
665 675 682 832
665 682 822 832
665 822 823 832
682 822 832 831
665 666 676 824
665 676 675 832
665 823 824 832
676 824 833 832
665 824 676 832
666 667 676 824
667 677 676 834
667 676 824 834
667 824 825 834
676 824 834 833
667 668 678 826
667 678 677 834
667 825 826 834
678 826 835 834
667 826 678 834
668 669 678 826
669 679 678 836
669 678 826 836
669 826 827 836
678 826 836 835
669 670 680 828
669 680 679 836
669 827 828 836
680 828 837 836
669 828 680 836
675 676 684 832
676 685 684 839
676 684 832 839
676 832 833 839
684 832 839 838
676 677 686 834
676 686 685 839
676 833 834 839
686 834 840 839
676 834 686 839
677 678 686 834
678 687 686 841
678 686 834 841
678 834 835 841
686 834 841 840
678 679 688 836
678 688 687 841
678 835 836 841
688 836 842 841
678 836 688 841
679 680 688 836
680 689 688 843
680 688 836 843
680 836 837 843
688 836 843 842
680 681 690 844
680 690 689 843
680 837 844 843
690 844 845 843
680 844 690 843
683 684 691 846
684 692 691 848
684 691 846 848
684 846 838 848
691 846 848 847
684 685 693 839
684 693 692 848
684 838 839 848
693 839 849 848
684 839 693 848
685 686 693 839
686 694 693 850
686 693 839 850
686 839 840 850
693 839 850 849
686 687 695 841
686 695 694 850
686 840 841 850
695 841 851 850
686 841 695 850
687 688 695 841
688 696 695 852
688 695 841 852
688 841 842 852
695 841 852 851
688 689 697 843
688 697 696 852
688 842 843 852
697 843 853 852
688 843 697 852
689 690 697 843
690 698 697 854
690 697 843 854
690 843 845 854
697 843 854 853
691 692 700 848
691 700 699 855
691 847 848 855
700 848 856 855
691 848 700 855
692 693 700 848
693 701 700 857
693 700 848 857
693 848 849 857
700 848 857 856
693 694 702 850
693 702 701 857
693 849 850 857
702 850 858 857
693 850 702 857
694 695 702 850
695 703 702 859
695 702 850 859
695 850 851 859
702 850 859 858
695 696 704 852
695 704 703 859
695 851 852 859
704 852 860 859
695 852 704 859
696 697 704 852
697 705 704 861
697 704 852 861
697 852 853 861
704 852 861 860
699 700 862 855
700 706 862 864
700 862 855 864
700 855 856 864
862 855 864 863
700 701 707 857
700 707 706 864
700 856 857 864
707 857 865 864
700 857 707 864
701 702 707 857
702 708 707 866
702 707 857 866
702 857 858 866
707 857 866 865
702 703 709 859
702 709 708 866
702 858 859 866
709 859 867 866
702 859 709 866
703 704 709 859
704 710 709 868
704 709 859 868
704 859 860 868
709 859 868 867
707 708 713 866
707 713 712 869
707 865 866 869
713 866 870 869
707 866 713 869
708 709 713 866
709 714 713 871
709 713 866 871
709 866 867 871
713 866 871 870
709 710 872 868
709 872 714 871
709 867 868 871
872 868 873 871
709 868 872 871
715 716 717 874
716 718 717 877
716 717 874 877
716 874 875 877
717 874 877 876
716 719 720 878
716 720 718 877
716 875 878 877
720 878 879 877
716 878 720 877
719 721 720 878
721 722 720 881
721 720 878 881
721 878 880 881
720 878 881 879
721 723 724 882
721 724 722 881
721 880 882 881
724 882 883 881
721 882 724 881
723 725 724 882
725 726 724 885
725 724 882 885
725 882 884 885
724 882 885 883
725 728 729 886
725 729 726 885
725 884 886 885
729 886 887 885
725 886 729 885
730 717 731 888
717 732 731 890
717 731 888 890
717 888 876 890
731 888 890 889
717 718 733 877
717 733 732 890
717 876 877 890
733 877 891 890
717 877 733 890
718 720 733 877
720 734 733 892
720 733 877 892
720 877 879 892
733 877 892 891
720 722 735 881
720 735 734 892
720 879 881 892
735 881 893 892
720 881 735 892
722 724 735 881
724 736 735 894
724 735 881 894
724 881 883 894
735 881 894 893
724 726 737 885
724 737 736 894
724 883 885 894
737 885 895 894
724 885 737 894
726 729 737 885
729 738 737 896
729 737 885 896
729 885 887 896
737 885 896 895
731 732 740 890
731 740 739 897
731 889 890 897
740 890 898 897
731 890 740 897
732 733 740 890
733 741 740 899
733 740 890 899
733 890 891 899
740 890 899 898
733 734 742 892
733 742 741 899
733 891 892 899
742 892 900 899
733 892 742 899
734 735 742 892
735 743 742 901
735 742 892 901
735 892 893 901
742 892 901 900
735 736 744 894
735 744 743 901
735 893 894 901
744 894 902 901
735 894 744 901
736 737 744 894
737 745 744 903
737 744 894 903
737 894 895 903
744 894 903 902
737 738 746 896
737 746 745 903
737 895 896 903
746 896 904 903
737 896 746 903
740 741 748 899
740 748 747 905
740 898 899 905
748 899 906 905
740 899 748 905
741 742 748 899
742 749 748 907
742 748 899 907
742 899 900 907
748 899 907 906
742 743 750 901
742 750 749 907
742 900 901 907
750 901 908 907
742 901 750 907
743 744 750 901
744 751 750 909
744 750 901 909
744 901 902 909
750 901 909 908
744 745 752 903
744 752 751 909
744 902 903 909
752 903 910 909
744 903 752 909
745 746 752 903
746 753 752 911
746 752 903 911
746 903 904 911
752 903 911 910
748 749 755 907
748 755 754 912
748 906 907 912
755 907 913 912
748 907 755 912
749 750 755 907
750 756 755 914
750 755 907 914
750 907 908 914
755 907 914 913
750 751 757 909
750 757 756 914
750 908 909 914
757 909 915 914
750 909 757 914
751 752 757 909
752 758 757 916
752 757 909 916
752 909 910 916
757 909 916 915
752 753 759 911
752 759 758 916
752 910 911 916
759 911 917 916
752 911 759 916
755 756 762 914
755 762 761 918
755 913 914 918
762 914 919 918
755 914 762 918
756 757 762 914
757 763 762 920
757 762 914 920
757 914 915 920
762 914 920 919
757 758 764 916
757 764 763 920
757 915 916 920
764 916 921 920
757 916 764 920
758 759 764 916
759 765 764 922
759 764 916 922
759 916 917 922
764 916 922 921
759 766 767 923
759 767 765 922
759 917 923 922
767 923 924 922
759 923 767 922
760 761 769 918
760 769 768 926
760 925 918 926
769 918 927 926
760 918 769 926
761 762 769 918
762 770 769 928
762 769 918 928
762 918 919 928
769 918 928 927
762 763 771 920
762 771 770 928
762 919 920 928
771 920 929 928
762 920 771 928
763 764 771 920
764 772 771 930
764 771 920 930
764 920 921 930
771 920 930 929
764 765 773 922
764 773 772 930
764 921 922 930
773 922 931 930
764 922 773 930
765 767 773 922
767 774 773 932
767 773 922 932
767 922 924 932
773 922 932 931
768 769 775 926
769 776 775 934
769 775 926 934
769 926 927 934
775 926 934 933
769 770 777 928
769 777 776 934
769 927 928 934
777 928 935 934
769 928 777 934
770 771 777 928
771 778 777 936
771 777 928 936
771 928 929 936
777 928 936 935
771 772 779 930
771 779 778 936
771 929 930 936
779 930 937 936
771 930 779 936
772 773 779 930
773 780 779 938
773 779 930 938
773 930 931 938
779 930 938 937
773 774 781 932
773 781 780 938
773 931 932 938
781 932 939 938
773 932 781 938
775 776 783 934
775 783 782 940
775 933 934 940
783 934 941 940
775 934 783 940
776 777 783 934
777 784 783 942
777 783 934 942
777 934 935 942
783 934 942 941
777 778 785 936
777 785 784 942
777 935 936 942
785 936 943 942
777 936 785 942
778 779 785 936
779 786 785 944
779 785 936 944
779 936 937 944
785 936 944 943
779 780 787 938
779 787 786 944
779 937 938 944
787 938 945 944
779 938 787 944
780 781 787 938
781 788 787 946
781 787 938 946
781 938 939 946
787 938 946 945
782 783 789 940
783 790 789 948
783 789 940 948
783 940 941 948
789 940 948 947
783 784 791 942
783 791 790 948
783 941 942 948
791 942 949 948
783 942 791 948
784 785 791 942
785 792 791 950
785 791 942 950
785 942 943 950
791 942 950 949
785 786 793 944
785 793 792 950
785 943 944 950
793 944 951 950
785 944 793 950
786 787 793 944
787 794 793 952
787 793 944 952
787 944 945 952
793 944 952 951
787 788 795 946
787 795 794 952
787 945 946 952
795 946 953 952
787 946 795 952
954 796 797 956
954 797 807 957
954 955 956 957
797 956 958 957
954 956 797 957
789 790 799 948
789 799 798 959
789 947 948 959
799 948 960 959
789 948 799 959
790 791 799 948
791 800 799 961
791 799 948 961
791 948 949 961
799 948 961 960
791 792 801 950
791 801 800 961
791 949 950 961
801 950 962 961
791 950 801 961
792 793 801 950
793 802 801 963
793 801 950 963
793 950 951 963
801 950 963 962
793 794 804 952
793 804 802 963
793 951 952 963
804 952 964 963
793 952 804 963
807 797 808 957
797 809 808 966
797 808 957 966
797 957 958 966
808 957 966 965
797 798 810 959
797 810 809 966
797 958 959 966
810 959 967 966
797 959 810 966
798 799 810 959
799 811 810 968
799 810 959 968
799 959 960 968
810 959 968 967
799 800 812 961
799 812 811 968
799 960 961 968
812 961 969 968
799 961 812 968
800 801 812 961
801 813 812 970
801 812 961 970
801 961 962 970
812 961 970 969
801 802 814 963
801 814 813 970
801 962 963 970
814 963 971 970
801 963 814 970
808 809 816 966
808 816 815 972
808 965 966 972
816 966 973 972
808 966 816 972
809 810 816 966
810 817 816 974
810 816 966 974
810 966 967 974
816 966 974 973
810 811 818 968
810 818 817 974
810 967 968 974
818 968 975 974
810 968 818 974
811 812 818 968
812 819 818 976
812 818 968 976
812 968 969 976
818 968 976 975
812 813 820 970
812 820 819 976
812 969 970 976
820 970 977 976
812 970 820 976
813 814 820 970
814 821 820 978
814 820 970 978
814 970 971 978
820 970 978 977
815 816 822 972
816 823 822 980
816 822 972 980
816 972 973 980
822 972 980 979
816 817 824 974
816 824 823 980
816 973 974 980
824 974 981 980
816 974 824 980
818 819 826 976
818 826 825 982
818 975 976 982
826 976 983 982
818 976 826 982
819 820 826 976
820 827 826 984
820 826 976 984
820 976 977 984
826 976 984 983
820 821 828 978
820 828 827 984
820 977 978 984
828 978 985 984
820 978 828 984
823 824 832 980
824 833 832 987
824 832 980 987
824 980 981 987
832 980 987 986
824 825 834 982
824 834 833 987
824 981 982 987
834 982 988 987
824 982 834 987
825 826 834 982
826 835 834 989
826 834 982 989
826 982 983 989
834 982 989 988
826 827 836 984
826 836 835 989
826 983 984 989
836 984 990 989
826 984 836 989
827 828 836 984
828 837 836 991
828 836 984 991
828 984 985 991
836 984 991 990
832 833 839 987
832 839 838 992
832 986 987 992
839 987 993 992
832 987 839 992
833 834 839 987
834 840 839 994
834 839 987 994
834 987 988 994
839 987 994 993
834 835 841 989
834 841 840 994
834 988 989 994
841 989 995 994
834 989 841 994
835 836 841 989
836 842 841 996
836 841 989 996
836 989 990 996
841 989 996 995
836 837 843 991
836 843 842 996
836 990 991 996
843 991 997 996
836 991 843 996
837 844 843 991
844 845 843 999
844 843 991 999
844 991 998 999
843 991 999 997
838 839 848 992
839 849 848 1001
839 848 992 1001
839 992 993 1001
848 992 1001 1000
839 840 850 994
839 850 849 1001
839 993 994 1001
850 994 1002 1001
839 994 850 1001
840 841 850 994
841 851 850 1003
841 850 994 1003
841 994 995 1003
850 994 1003 1002
841 842 852 996
841 852 851 1003
841 995 996 1003
852 996 1004 1003
841 996 852 1003
842 843 852 996
843 853 852 1005
843 852 996 1005
843 996 997 1005
852 996 1005 1004
848 849 857 1001
848 857 856 1006
848 1000 1001 1006
857 1001 1007 1006
848 1001 857 1006
849 850 857 1001
850 858 857 1008
850 857 1001 1008
850 1001 1002 1008
857 1001 1008 1007
850 851 859 1003
850 859 858 1008
850 1002 1003 1008
859 1003 1009 1008
850 1003 859 1008
851 852 859 1003
852 860 859 1010
852 859 1003 1010
852 1003 1004 1010
859 1003 1010 1009
852 853 861 1005
852 861 860 1010
852 1004 1005 1010
861 1005 1011 1010
852 1005 861 1010
856 857 864 1006
857 865 864 1013
857 864 1006 1013
857 1006 1007 1013
864 1006 1013 1012
857 858 866 1008
857 866 865 1013
857 1007 1008 1013
866 1008 1014 1013
857 1008 866 1013
858 859 866 1008
859 867 866 1015
859 866 1008 1015
859 1008 1009 1015
866 1008 1015 1014
859 860 868 1010
859 868 867 1015
859 1009 1010 1015
868 1010 1016 1015
859 1010 868 1015
865 866 869 1013
866 870 869 1018
866 869 1013 1018
866 1013 1014 1018
869 1013 1018 1017
866 867 871 1015
866 871 870 1018
866 1014 1015 1018
871 1015 1019 1018
866 1015 871 1018
874 875 877 1021
874 877 876 1022
874 1020 1021 1022
877 1021 1023 1022
874 1021 877 1022
875 878 877 1021
878 879 877 1025
878 877 1021 1025
878 1021 1024 1025
877 1021 1025 1023
878 880 881 1026
878 881 879 1025
878 1024 1026 1025
881 1026 1027 1025
878 1026 881 1025
880 882 881 1026
882 883 881 1029
882 881 1026 1029
882 1026 1028 1029
881 1026 1029 1027
882 884 885 1030
882 885 883 1029
882 1028 1030 1029
885 1030 1031 1029
882 1030 885 1029
884 886 885 1030
886 887 885 1033
886 885 1030 1033
886 1030 1032 1033
885 1030 1033 1031
876 877 890 1022
877 891 890 1035
877 890 1022 1035
877 1022 1023 1035
890 1022 1035 1034
877 879 892 1025
877 892 891 1035
877 1023 1025 1035
892 1025 1036 1035
877 1025 892 1035
879 881 892 1025
881 893 892 1037
881 892 1025 1037
881 1025 1027 1037
892 1025 1037 1036
881 883 894 1029
881 894 893 1037
881 1027 1029 1037
894 1029 1038 1037
881 1029 894 1037
883 885 894 1029
885 895 894 1039
885 894 1029 1039
885 1029 1031 1039
894 1029 1039 1038
885 887 896 1033
885 896 895 1039
885 1031 1033 1039
896 1033 1040 1039
885 1033 896 1039
890 891 899 1035
890 899 898 1041
890 1034 1035 1041
899 1035 1042 1041
890 1035 899 1041
891 892 899 1035
892 900 899 1043
892 899 1035 1043
892 1035 1036 1043
899 1035 1043 1042
892 893 901 1037
892 901 900 1043
892 1036 1037 1043
901 1037 1044 1043
892 1037 901 1043
893 894 901 1037
894 902 901 1045
894 901 1037 1045
894 1037 1038 1045
901 1037 1045 1044
894 895 903 1039
894 903 902 1045
894 1038 1039 1045
903 1039 1046 1045
894 1039 903 1045
899 900 907 1043
899 907 906 1047
899 1042 1043 1047
907 1043 1048 1047
899 1043 907 1047
900 901 907 1043
901 908 907 1049
901 907 1043 1049
901 1043 1044 1049
907 1043 1049 1048
901 902 909 1045
901 909 908 1049
901 1044 1045 1049
909 1045 1050 1049
901 1045 909 1049
902 903 909 1045
903 910 909 1051
903 909 1045 1051
903 1045 1046 1051
909 1045 1051 1050
906 907 912 1047
907 913 912 1053
907 912 1047 1053
907 1047 1048 1053
912 1047 1053 1052
907 908 914 1049
907 914 913 1053
907 1048 1049 1053
914 1049 1054 1053
907 1049 914 1053
908 909 914 1049
909 915 914 1055
909 914 1049 1055
909 1049 1050 1055
914 1049 1055 1054
909 910 916 1051
909 916 915 1055
909 1050 1051 1055
916 1051 1056 1055
909 1051 916 1055
910 911 916 1051
911 917 916 1058
911 916 1051 1058
911 1051 1057 1058
916 1051 1058 1056
913 914 918 1053
914 919 918 1060
914 918 1053 1060
914 1053 1054 1060
918 1053 1060 1059
914 915 920 1055
914 920 919 1060
914 1054 1055 1060
920 1055 1061 1060
914 1055 920 1060
915 916 920 1055
916 921 920 1062
916 920 1055 1062
916 1055 1056 1062
920 1055 1062 1061
916 917 922 1058
916 922 921 1062
916 1056 1058 1062
922 1058 1063 1062
916 1058 922 1062
918 919 928 1060
918 928 927 1064
918 1059 1060 1064
928 1060 1065 1064
918 1060 928 1064
919 920 928 1060
920 929 928 1066
920 928 1060 1066
920 1060 1061 1066
928 1060 1066 1065
920 921 930 1062
920 930 929 1066
920 1061 1062 1066
930 1062 1067 1066
920 1062 930 1066
921 922 930 1062
922 931 930 1068
922 930 1062 1068
922 1062 1063 1068
930 1062 1068 1067
926 927 934 1064
926 934 933 1070
926 1069 1064 1070
934 1064 1071 1070
926 1064 934 1070
927 928 934 1064
928 935 934 1072
928 934 1064 1072
928 1064 1065 1072
934 1064 1072 1071
928 929 936 1066
928 936 935 1072
928 1065 1066 1072
936 1066 1073 1072
928 1066 936 1072
929 930 936 1066
930 937 936 1074
930 936 1066 1074
930 1066 1067 1074
936 1066 1074 1073
930 931 938 1068
930 938 937 1074
930 1067 1068 1074
938 1068 1075 1074
930 1068 938 1074
931 932 938 1068
932 939 938 1077
932 938 1068 1077
932 1068 1076 1077
938 1068 1077 1075
933 934 940 1070
934 941 940 1079
934 940 1070 1079
934 1070 1071 1079
940 1070 1079 1078
934 935 942 1072
934 942 941 1079
934 1071 1072 1079
942 1072 1080 1079
934 1072 942 1079
935 936 942 1072
936 943 942 1081
936 942 1072 1081
936 1072 1073 1081
942 1072 1081 1080
936 937 944 1074
936 944 943 1081
936 1073 1074 1081
944 1074 1082 1081
936 1074 944 1081
937 938 944 1074
938 945 944 1083
938 944 1074 1083
938 1074 1075 1083
944 1074 1083 1082
938 939 946 1077
938 946 945 1083
938 1075 1077 1083
946 1077 1084 1083
938 1077 946 1083
940 941 948 1079
940 948 947 1085
940 1078 1079 1085
948 1079 1086 1085
940 1079 948 1085
941 942 948 1079
942 949 948 1087
942 948 1079 1087
942 1079 1080 1087
948 1079 1087 1086
942 943 950 1081
942 950 949 1087
942 1080 1081 1087
950 1081 1088 1087
942 1081 950 1087
943 944 950 1081
944 951 950 1089
944 950 1081 1089
944 1081 1082 1089
950 1081 1089 1088
944 945 952 1083
944 952 951 1089
944 1082 1083 1089
952 1083 1090 1089
944 1083 952 1089
945 946 952 1083
946 953 952 1091
946 952 1083 1091
946 1083 1084 1091
952 1083 1091 1090
947 948 959 1085
948 960 959 1093
948 959 1085 1093
948 1085 1086 1093
959 1085 1093 1092
948 949 961 1087
948 961 960 1093
948 1086 1087 1093
961 1087 1094 1093
948 1087 961 1093
949 950 961 1087
950 962 961 1095
950 961 1087 1095
950 1087 1088 1095
961 1087 1095 1094
950 951 963 1089
950 963 962 1095
950 1088 1089 1095
963 1089 1096 1095
950 1089 963 1095
951 952 963 1089
952 964 963 1097
952 963 1089 1097
952 1089 1090 1097
963 1089 1097 1096
959 960 968 1093
959 968 967 1098
959 1092 1093 1098
968 1093 1099 1098
959 1093 968 1098
960 961 968 1093
961 969 968 1100
961 968 1093 1100
961 1093 1094 1100
968 1093 1100 1099
961 962 970 1095
961 970 969 1100
961 1094 1095 1100
970 1095 1101 1100
961 1095 970 1100
962 963 970 1095
963 971 970 1102
963 970 1095 1102
963 1095 1096 1102
970 1095 1102 1101
967 968 974 1098
968 975 974 1104
968 974 1098 1104
968 1098 1099 1104
974 1098 1104 1103
968 969 976 1100
968 976 975 1104
968 1099 1100 1104
976 1100 1105 1104
968 1100 976 1104
969 970 976 1100
970 977 976 1106
970 976 1100 1106
970 1100 1101 1106
976 1100 1106 1105
970 971 978 1102
970 978 977 1106
970 1101 1102 1106
978 1102 1107 1106
970 1102 978 1106
975 976 982 1104
976 983 982 1109
976 982 1104 1109
976 1104 1105 1109
982 1104 1109 1108
976 977 984 1106
976 984 983 1109
976 1105 1106 1109
984 1106 1110 1109
976 1106 984 1109
977 978 984 1106
978 985 984 1111
978 984 1106 1111
978 1106 1107 1111
984 1106 1111 1110
981 982 987 1112
982 988 987 1114
982 987 1112 1114
982 1112 1108 1114
987 1112 1114 1113
982 983 989 1109
982 989 988 1114
982 1108 1109 1114
989 1109 1115 1114
982 1109 989 1114
983 984 989 1109
984 990 989 1116
984 989 1109 1116
984 1109 1110 1116
989 1109 1116 1115
984 985 991 1111
984 991 990 1116
984 1110 1111 1116
991 1111 1117 1116
984 1111 991 1116
987 988 994 1114
987 994 993 1118
987 1113 1114 1118
994 1114 1119 1118
987 1114 994 1118
988 989 994 1114
989 995 994 1120
989 994 1114 1120
989 1114 1115 1120
994 1114 1120 1119
989 990 996 1116
989 996 995 1120
989 1115 1116 1120
996 1116 1121 1120
989 1116 996 1120
990 991 996 1116
991 997 996 1122
991 996 1116 1122
991 1116 1117 1122
996 1116 1122 1121
992 993 1001 1118
992 1001 1000 1124
992 1123 1118 1124
1001 1118 1125 1124
992 1118 1001 1124
993 994 1001 1118
994 1002 1001 1126
994 1001 1118 1126
994 1118 1119 1126
1001 1118 1126 1125
994 995 1003 1120
994 1003 1002 1126
994 1119 1120 1126
1003 1120 1127 1126
994 1120 1003 1126
995 996 1003 1120
996 1004 1003 1128
996 1003 1120 1128
996 1120 1121 1128
1003 1120 1128 1127
996 997 1005 1122
996 1005 1004 1128
996 1121 1122 1128
1005 1122 1129 1128
996 1122 1005 1128
1000 1001 1006 1124
1001 1007 1006 1131
1001 1006 1124 1131
1001 1124 1125 1131
1006 1124 1131 1130
1001 1002 1008 1126
1001 1008 1007 1131
1001 1125 1126 1131
1008 1126 1132 1131
1001 1126 1008 1131
1002 1003 1008 1126
1003 1009 1008 1133
1003 1008 1126 1133
1003 1126 1127 1133
1008 1126 1133 1132
1003 1004 1010 1128
1003 1010 1009 1133
1003 1127 1128 1133
1010 1128 1134 1133
1003 1128 1010 1133
1004 1005 1010 1128
1005 1011 1010 1135
1005 1010 1128 1135
1005 1128 1129 1135
1010 1128 1135 1134
1006 1007 1013 1131
1006 1013 1012 1136
1006 1130 1131 1136
1013 1131 1137 1136
1006 1131 1013 1136
1007 1008 1013 1131
1008 1014 1013 1138
1008 1013 1131 1138
1008 1131 1132 1138
1013 1131 1138 1137
1008 1009 1015 1133
1008 1015 1014 1138
1008 1132 1133 1138
1015 1133 1139 1138
1008 1133 1015 1138
1009 1010 1015 1133
1010 1016 1015 1140
1010 1015 1133 1140
1010 1133 1134 1140
1015 1133 1140 1139
1010 1011 1141 1135
1010 1141 1016 1140
1010 1134 1135 1140
1141 1135 1142 1140
1010 1135 1141 1140
1021 1024 1025 1144
1021 1025 1023 1145
1021 1143 1144 1145
1025 1144 1146 1145
1021 1144 1025 1145
1024 1026 1025 1144
1026 1027 1025 1148
1026 1025 1144 1148
1026 1144 1147 1148
1025 1144 1148 1146
1026 1028 1029 1149
1026 1029 1027 1148
1026 1147 1149 1148
1029 1149 1150 1148
1026 1149 1029 1148
1028 1030 1029 1149
1030 1031 1029 1152
1030 1029 1149 1152
1030 1149 1151 1152
1029 1149 1152 1150
1023 1025 1035 1145
1025 1036 1035 1154
1025 1035 1145 1154
1025 1145 1146 1154
1035 1145 1154 1153
1025 1027 1037 1148
1025 1037 1036 1154
1025 1146 1148 1154
1037 1148 1155 1154
1025 1148 1037 1154
1027 1029 1037 1148
1029 1038 1037 1156
1029 1037 1148 1156
1029 1148 1150 1156
1037 1148 1156 1155
1029 1031 1039 1152
1029 1039 1038 1156
1029 1150 1152 1156
1039 1152 1157 1156
1029 1152 1039 1156
1035 1036 1043 1154
1035 1043 1042 1158
1035 1153 1154 1158
1043 1154 1159 1158
1035 1154 1043 1158
1036 1037 1043 1154
1037 1044 1043 1160
1037 1043 1154 1160
1037 1154 1155 1160
1043 1154 1160 1159
1037 1038 1045 1156
1037 1045 1044 1160
1037 1155 1156 1160
1045 1156 1161 1160
1037 1156 1045 1160
1038 1039 1045 1156
1039 1046 1045 1162
1039 1045 1156 1162
1039 1156 1157 1162
1045 1156 1162 1161
1043 1044 1049 1160
1043 1049 1048 1163
1043 1159 1160 1163
1049 1160 1164 1163
1043 1160 1049 1163
1044 1045 1049 1160
1045 1050 1049 1165
1045 1049 1160 1165
1045 1160 1161 1165
1049 1160 1165 1164
1049 1050 1055 1165
1049 1055 1054 1166
1049 1164 1165 1166
1055 1165 1167 1166
1049 1165 1055 1166
1050 1051 1055 1165
1051 1056 1055 1169
1051 1055 1165 1169
1051 1165 1168 1169
1055 1165 1169 1167
1054 1055 1060 1166
1055 1061 1060 1171
1055 1060 1166 1171
1055 1166 1167 1171
1060 1166 1171 1170
1055 1056 1062 1169
1055 1062 1061 1171
1055 1167 1169 1171
1062 1169 1172 1171
1055 1169 1062 1171
1059 1060 1064 1173
1060 1065 1064 1175
1060 1064 1173 1175
1060 1173 1170 1175
1064 1173 1175 1174
1060 1061 1066 1171
1060 1066 1065 1175
1060 1170 1171 1175
1066 1171 1176 1175
1060 1171 1066 1175
1061 1062 1066 1171
1062 1067 1066 1177
1062 1066 1171 1177
1062 1171 1172 1177
1066 1171 1177 1176
1064 1065 1072 1175
1064 1072 1071 1178
1064 1174 1175 1178
1072 1175 1179 1178
1064 1175 1072 1178
1065 1066 1072 1175
1066 1073 1072 1180
1066 1072 1175 1180
1066 1175 1176 1180
1072 1175 1180 1179
1066 1067 1074 1177
1066 1074 1073 1180
1066 1176 1177 1180
1074 1177 1181 1180
1066 1177 1074 1180
1067 1068 1074 1177
1068 1075 1074 1183
1068 1074 1177 1183
1068 1177 1182 1183
1074 1177 1183 1181
1071 1072 1079 1178
1072 1080 1079 1185
1072 1079 1178 1185
1072 1178 1179 1185
1079 1178 1185 1184
1072 1073 1081 1180
1072 1081 1080 1185
1072 1179 1180 1185
1081 1180 1186 1185
1072 1180 1081 1185
1073 1074 1081 1180
1074 1082 1081 1187
1074 1081 1180 1187
1074 1180 1181 1187
1081 1180 1187 1186
1074 1075 1083 1183
1074 1083 1082 1187
1074 1181 1183 1187
1083 1183 1188 1187
1074 1183 1083 1187
1078 1079 1085 1189
1079 1086 1085 1191
1079 1085 1189 1191
1079 1189 1184 1191
1085 1189 1191 1190
1079 1080 1087 1185
1079 1087 1086 1191
1079 1184 1185 1191
1087 1185 1192 1191
1079 1185 1087 1191
1080 1081 1087 1185
1081 1088 1087 1193
1081 1087 1185 1193
1081 1185 1186 1193
1087 1185 1193 1192
1081 1082 1089 1187
1081 1089 1088 1193
1081 1186 1187 1193
1089 1187 1194 1193
1081 1187 1089 1193
1082 1083 1089 1187
1083 1090 1089 1195
1083 1089 1187 1195
1083 1187 1188 1195
1089 1187 1195 1194
1085 1086 1093 1191
1085 1093 1092 1196
1085 1190 1191 1196
1093 1191 1197 1196
1085 1191 1093 1196
1086 1087 1093 1191
1087 1094 1093 1198
1087 1093 1191 1198
1087 1191 1192 1198
1093 1191 1198 1197
1087 1088 1095 1193
1087 1095 1094 1198
1087 1192 1193 1198
1095 1193 1199 1198
1087 1193 1095 1198
1088 1089 1095 1193
1089 1096 1095 1200
1089 1095 1193 1200
1089 1193 1194 1200
1095 1193 1200 1199
1092 1093 1098 1196
1093 1099 1098 1202
1093 1098 1196 1202
1093 1196 1197 1202
1098 1196 1202 1201
1093 1094 1100 1198
1093 1100 1099 1202
1093 1197 1198 1202
1100 1198 1203 1202
1093 1198 1100 1202
1094 1095 1100 1198
1095 1101 1100 1204
1095 1100 1198 1204
1095 1198 1199 1204
1100 1198 1204 1203
1095 1096 1102 1200
1095 1102 1101 1204
1095 1199 1200 1204
1102 1200 1205 1204
1095 1200 1102 1204
1098 1099 1104 1202
1098 1104 1103 1206
1098 1201 1202 1206
1104 1202 1207 1206
1098 1202 1104 1206
1099 1100 1104 1202
1100 1105 1104 1208
1100 1104 1202 1208
1100 1202 1203 1208
1104 1202 1208 1207
1100 1101 1106 1204
1100 1106 1105 1208
1100 1203 1204 1208
1106 1204 1209 1208
1100 1204 1106 1208
1101 1102 1106 1204
1102 1107 1106 1210
1102 1106 1204 1210
1102 1204 1205 1210
1106 1204 1210 1209
1104 1105 1109 1208
1104 1109 1108 1211
1104 1207 1208 1211
1109 1208 1212 1211
1104 1208 1109 1211
1105 1106 1109 1208
1106 1110 1109 1213
1106 1109 1208 1213
1106 1208 1209 1213
1109 1208 1213 1212
1106 1107 1111 1210
1106 1111 1110 1213
1106 1209 1210 1213
1111 1210 1214 1213
1106 1210 1111 1213
1108 1109 1114 1211
1109 1115 1114 1216
1109 1114 1211 1216
1109 1211 1212 1216
1114 1211 1216 1215
1109 1110 1116 1213
1109 1116 1115 1216
1109 1212 1213 1216
1116 1213 1217 1216
1109 1213 1116 1216
1110 1111 1116 1213
1111 1117 1116 1218
1111 1116 1213 1218
1111 1213 1214 1218
1116 1213 1218 1217
1114 1115 1120 1216
1114 1120 1119 1219
1114 1215 1216 1219
1120 1216 1220 1219
1114 1216 1120 1219
1115 1116 1120 1216
1116 1121 1120 1221
1116 1120 1216 1221
1116 1216 1217 1221
1120 1216 1221 1220
1116 1117 1122 1218
1116 1122 1121 1221
1116 1217 1218 1221
1122 1218 1222 1221
1116 1218 1122 1221
1119 1120 1126 1219
1120 1127 1126 1224
1120 1126 1219 1224
1120 1219 1220 1224
1126 1219 1224 1223
1120 1121 1128 1221
1120 1128 1127 1224
1120 1220 1221 1224
1128 1221 1225 1224
1120 1221 1128 1224
1121 1122 1128 1221
1122 1129 1128 1226
1122 1128 1221 1226
1122 1221 1222 1226
1128 1221 1226 1225
1126 1127 1133 1224
1126 1133 1132 1227
1126 1223 1224 1227
1133 1224 1228 1227
1126 1224 1133 1227
1127 1128 1133 1224
1128 1134 1133 1229
1128 1133 1224 1229
1128 1224 1225 1229
1133 1224 1229 1228
1128 1129 1135 1226
1128 1135 1134 1229
1128 1225 1226 1229
1135 1226 1230 1229
1128 1226 1135 1229
1132 1133 1138 1227
1133 1139 1138 1232
1133 1138 1227 1232
1133 1227 1228 1232
1138 1227 1232 1231
1133 1134 1140 1229
1133 1140 1139 1232
1133 1228 1229 1232
1140 1229 1233 1232
1133 1229 1140 1232
1134 1135 1140 1229
1135 1142 1140 1234
1135 1140 1229 1234
1135 1229 1230 1234
1140 1229 1234 1233
1197 1198 1202 1235
1198 1203 1202 1238
1198 1202 1235 1238
1198 1235 1236 1238
1202 1235 1238 1237
1198 1199 1204 1239
1198 1204 1203 1238
1198 1236 1239 1238
1204 1239 1240 1238
1198 1239 1204 1238
1202 1203 1208 1238
1202 1208 1207 1241
1202 1237 1238 1241
1208 1238 1242 1241
1202 1238 1208 1241
1203 1204 1208 1238
1204 1209 1208 1243
1204 1208 1238 1243
1204 1238 1240 1243
1208 1238 1243 1242
1204 1205 1210 1244
1204 1210 1209 1243
1204 1240 1244 1243
1210 1244 1245 1243
1204 1244 1210 1243
1207 1208 1211 1241
1208 1212 1211 1247
1208 1211 1241 1247
1208 1241 1242 1247
1211 1241 1247 1246
1208 1209 1213 1243
1208 1213 1212 1247
1208 1242 1243 1247
1213 1243 1248 1247
1208 1243 1213 1247
1209 1210 1213 1243
1210 1214 1213 1249
1210 1213 1243 1249
1210 1243 1245 1249
1213 1243 1249 1248
1211 1212 1216 1247
1211 1216 1215 1250
1211 1246 1247 1250
1216 1247 1251 1250
1211 1247 1216 1250
1212 1213 1216 1247
1213 1217 1216 1252
1213 1216 1247 1252
1213 1247 1248 1252
1216 1247 1252 1251
1213 1214 1218 1249
1213 1218 1217 1252
1213 1248 1249 1252
1218 1249 1253 1252
1213 1249 1218 1252
1215 1216 1219 1250
1216 1220 1219 1255
1216 1219 1250 1255
1216 1250 1251 1255
1219 1250 1255 1254
1216 1217 1221 1252
1216 1221 1220 1255
1216 1251 1252 1255
1221 1252 1256 1255
1216 1252 1221 1255
1217 1218 1221 1252
1218 1222 1221 1257
1218 1221 1252 1257
1218 1252 1253 1257
1221 1252 1257 1256
1219 1220 1224 1255
1219 1224 1223 1258
1219 1254 1255 1258
1224 1255 1259 1258
1219 1255 1224 1258
1220 1221 1224 1255
1221 1225 1224 1260
1221 1224 1255 1260
1221 1255 1256 1260
1224 1255 1260 1259
1221 1222 1226 1257
1221 1226 1225 1260
1221 1256 1257 1260
1226 1257 1261 1260
1221 1257 1226 1260
1223 1224 1227 1258
1224 1228 1227 1263
1224 1227 1258 1263
1224 1258 1259 1263
1227 1258 1263 1262
1224 1225 1229 1260
1224 1229 1228 1263
1224 1259 1260 1263
1229 1260 1264 1263
1224 1260 1229 1263
1225 1226 1229 1260
1226 1230 1229 1265
1226 1229 1260 1265
1226 1260 1261 1265
1229 1260 1265 1264
1228 1229 1232 1263
1229 1233 1232 1267
1229 1232 1263 1267
1229 1263 1264 1267
1232 1263 1267 1266
1229 1230 1234 1265
1229 1234 1233 1267
1229 1264 1265 1267
1234 1265 1268 1267
1229 1265 1234 1267

EDGES
0 1
0 2
0 3
0 4
0 5
0 6
1 3
1 5
1 8
2 3
2 6
2 16
3 5
3 6
3 7
3 8
3 9
3 11
3 16
3 17
3 19
3 20
4 5
4 6
4 88
4 91
5 6
5 7
5 8
5 10
5 11
5 91
5 94
5 95
5 96
6 7
6 16
6 18
6 19
6 88
6 89
6 91
6 92
6 93
6 95
6 104
6 106
7 11
7 19
7 95
8 9
8 10
8 11
8 12
8 13
8 14
9 11
9 13
9 20
10 11
10 14
10 96
11 13
11 14
11 15
11 19
11 20
11 21
11 23
11 95
11 96
11 97
11 99
11 108
12 13
12 14
13 14
13 15
13 20
13 22
13 23
14 15
14 96
14 98
14 99
14 100
14 101
14 102
15 23
15 99
15 101
16 17
16 18
16 19
17 19
17 20
17 24
18 19
18 104
18 106
18 113
19 20
19 21
19 24
19 26
19 27
19 95
19 106
19 107
19 108
19 113
19 116
20 21
20 22
20 23
20 24
20 25
20 27
21 23
21 27
21 108
22 23
23 27
23 99
23 101
23 108
23 109
23 110
23 111
23 118
23 119
24 25
24 26
24 27
25 27
26 27
26 113
26 116
26 121
27 108
27 116
27 117
27 118
27 119
27 121
27 124
27 125
27 126
28 29
28 30
28 32
29 30
29 31
29 32
29 33
29 35
29 36
29 37
29 38
30 31
30 32
30 34
30 35
30 40
30 41
30 42
31 35
31 37
31 41
32 33
32 34
32 35
32 136
32 137
32 140
32 146
32 147
32 149
32 150
32 151
32 153
32 155
33 35
33 38
33 137
33 151
34 35
34 42
34 153
34 155
35 37
35 38
35 39
35 41
35 42
35 43
35 45
35 151
35 155
35 156
35 157
35 160
36 37
36 38
37 38
37 39
37 41
37 44
37 45
38 39
38 137
38 143
38 145
38 151
38 152
38 157
39 45
39 157
40 41
40 42
40 46
40 48
41 42
41 43
41 44
41 45
41 48
41 52
41 53
41 54
42 43
42 46
42 48
42 49
42 50
42 51
42 53
42 153
42 155
42 158
42 159
42 160
42 163
43 45
43 53
43 160
44 45
44 54
45 53
45 54
45 55
45 157
45 160
45 161
45 165
46 47
46 48
46 49
46 50
47 48
47 50
47 56
48 50
48 51
48 52
48 53
48 56
48 57
48 59
48 60
49 50
49 153
49 158
50 51
50 56
50 58
50 59
50 158
50 162
50 163
50 166
51 53
51 59
51 163
52 53
52 54
52 60
53 54
53 55
53 59
53 60
53 61
53 63
53 160
53 163
53 164
53 165
53 168
54 55
54 60
54 62
54 63
55 63
55 165
56 57
56 58
56 59
56 64
56 65
56 66
57 59
57 60
57 65
58 59
58 66
58 166
59 60
59 61
59 65
59 66
59 67
59 69
59 163
59 166
59 167
59 168
59 171
60 61
60 62
60 63
60 65
60 68
60 69
60 70
61 63
61 69
61 168
62 63
62 70
63 69
63 70
63 71
63 165
63 168
63 169
63 173
64 65
64 66
64 72
65 66
65 67
65 68
65 69
65 72
65 73
65 75
65 76
66 67
66 72
66 74
66 75
66 166
66 170
66 171
66 174
67 69
67 75
67 171
68 69
68 70
68 76
69 70
69 71
69 75
69 76
69 77
69 79
69 168
69 171
69 172
69 173
69 176
70 71
70 76
70 78
70 79
71 79
71 173
71 178
72 73
72 74
72 75
72 80
72 81
72 82
73 75
73 76
73 81
74 75
74 82
74 174
75 76
75 77
75 81
75 82
75 83
75 85
75 171
75 174
75 175
75 176
75 183
76 77
76 78
76 79
76 81
76 84
76 85
76 86
77 79
77 85
77 176
78 79
78 86
79 85
79 86
79 87
79 173
79 176
79 177
79 178
79 179
79 181
79 185
79 186
80 81
80 82
81 82
81 83
81 84
81 85
82 83
82 174
82 182
82 183
83 85
83 183
83 188
84 85
84 86
85 86
85 87
85 176
85 183
85 184
85 185
85 188
85 189
85 191
85 192
86 87
87 185
87 186
87 192
88 89
88 90
88 91
88 92
89 92
89 104
90 91
90 92
90 194
90 197
91 92
91 93
91 94
91 95
91 197
91 200
91 201
91 202
92 93
92 104
92 105
92 106
92 194
92 195
92 197
92 198
92 199
92 201
92 210
92 212
93 95
93 106
93 201
94 95
94 96
94 202
95 96
95 97
95 106
95 107
95 108
95 201
95 202
95 203
95 205
95 214
96 97
96 98
96 99
96 202
96 204
96 205
96 206
97 99
97 108
97 205
98 99
98 102
98 206
99 101
99 102
99 103
99 108
99 109
99 111
99 205
99 206
99 207
99 209
99 216
100 101
100 102
101 102
101 103
101 110
101 111
102 103
102 206
102 208
102 209
103 111
103 209
104 105
104 106
104 112
104 113
104 114
105 106
105 114
105 210
105 212
106 107
106 113
106 114
106 115
106 116
106 201
106 212
106 213
106 214
106 221
107 108
107 116
107 214
108 109
108 116
108 117
108 119
108 205
108 214
108 215
108 216
108 223
109 111
109 119
109 216
110 111
111 119
111 209
111 216
111 217
111 225
111 226
112 113
112 114
113 114
113 115
113 116
113 120
113 121
113 122
114 115
114 122
114 210
114 212
114 218
114 219
114 220
114 221
114 227
114 228
115 116
115 122
115 221
116 117
116 121
116 122
116 123
116 125
116 214
116 221
116 222
116 223
116 230
117 119
117 125
117 223
118 119
118 126
119 125
119 126
119 127
119 216
119 223
119 224
119 225
119 226
119 232
119 233
120 121
120 122
121 122
121 123
121 124
121 125
121 128
121 129
121 130
122 123
122 130
122 221
122 227
122 228
122 229
122 230
122 235
122 236
123 125
123 130
123 230
124 125
124 126
124 129
125 126
125 127
125 129
125 130
125 131
125 133
125 223
125 230
125 231
125 232
125 238
126 127
126 129
126 132
126 133
127 133
127 232
127 233
128 129
128 130
129 130
129 131
129 132
129 133
130 131
130 230
130 235
130 236
130 237
130 238
130 242
130 243
130 244
131 133
131 238
131 243
132 133
133 232
133 233
133 238
133 239
133 240
133 241
133 243
133 246
133 247
133 248
134 135
134 136
134 137
134 138
134 139
134 140
135 137
135 139
135 142
136 137
136 140
136 146
137 139
137 140
137 141
137 142
137 143
137 145
137 151
138 139
138 140
138 263
138 280
138 291
139 140
139 141
139 142
139 144
139 145
139 263
139 264
139 267
139 268
139 280
139 281
139 282
139 295
140 141
140 146
140 148
140 149
140 150
140 151
140 280
140 291
140 293
140 294
140 295
140 304
141 145
141 151
141 295
142 143
142 144
142 145
143 145
144 145
144 268
144 282
144 283
145 151
145 152
145 282
145 283
145 295
145 296
145 297
145 298
145 306
145 307
146 147
146 148
146 149
147 149
147 153
148 149
148 291
148 293
149 150
149 153
149 154
149 155
149 293
149 303
149 304
149 311
150 151
150 155
150 304
151 152
151 155
151 156
151 157
151 295
151 304
151 305
151 306
151 313
152 157
152 306
152 307
153 154
153 155
153 158
154 155
154 158
154 311
155 156
155 158
155 159
155 160
155 304
155 311
155 312
155 313
155 318
156 157
156 160
156 313
157 160
157 161
157 306
157 307
157 313
157 314
157 315
157 316
157 320
157 321
158 159
158 162
158 163
158 311
158 317
158 318
158 323
159 160
159 163
159 318
160 161
160 163
160 164
160 165
160 313
160 318
160 319
160 320
160 325
161 165
161 320
161 321
162 163
162 166
162 323
163 164
163 166
163 167
163 168
163 318
163 323
163 324
163 325
163 329
164 165
164 168
164 325
165 168
165 169
165 320
165 321
165 325
165 326
165 327
165 328
165 331
165 332
166 167
166 170
166 171
166 329
166 338
166 339
167 168
167 171
167 329
168 169
168 171
168 172
168 173
168 325
168 329
168 330
168 331
168 341
169 173
169 331
169 332
170 171
170 174
170 339
170 346
171 172
171 174
171 175
171 176
171 329
171 339
171 340
171 341
171 351
172 173
172 176
172 341
173 176
173 177
173 178
173 180
173 181
173 331
173 332
173 341
173 342
173 343
173 353
174 175
174 182
174 183
174 339
174 346
174 347
174 349
174 350
174 351
174 355
174 357
175 176
175 183
175 351
176 177
176 183
176 184
176 185
176 341
176 351
176 352
176 353
176 359
177 181
177 185
177 353
178 179
178 180
178 181
179 181
179 186
180 181
180 332
180 343
180 344
181 185
181 186
181 187
181 343
181 353
181 354
181 361
182 183
182 355
182 357
182 362
183 184
183 188
183 190
183 191
183 351
183 357
183 358
183 359
183 362
183 364
184 185
184 191
184 359
185 186
185 187
185 191
185 192
185 193
185 353
185 359
185 360
185 361
185 366
186 187
187 361
188 189
188 190
188 191
189 191
189 192
190 191
190 362
190 364
191 192
191 193
191 359
191 364
191 365
191 366
192 193
193 366
194 195
194 196
194 197
194 198
195 198
195 210
196 197
196 198
196 367
197 198
197 199
197 200
197 201
197 367
197 368
197 370
197 371
198 199
198 210
198 211
198 212
198 367
198 369
198 370
198 381
199 201
199 212
199 370
200 201
200 202
200 371
201 202
201 203
201 212
201 213
201 214
201 370
201 371
201 372
201 374
201 383
202 203
202 204
202 205
202 371
202 373
202 374
202 375
203 205
203 214
203 374
204 205
204 206
204 375
205 206
205 207
205 214
205 215
205 216
205 374
205 375
205 376
205 378
205 385
206 207
206 208
206 209
206 375
206 377
206 378
206 379
207 209
207 216
207 378
208 209
208 379
209 216
209 217
209 378
209 379
209 380
209 387
210 211
210 212
210 218
210 219
211 212
211 219
211 381
212 213
212 219
212 220
212 221
212 370
212 381
212 382
212 383
212 389
213 214
213 221
213 383
214 215
214 221
214 222
214 223
214 374
214 383
214 384
214 385
214 391
215 216
215 223
215 385
216 217
216 223
216 224
216 226
216 378
216 385
216 386
216 387
216 393
217 226
217 387
217 395
218 219
219 220
219 381
219 388
219 389
220 221
220 228
220 389
221 222
221 228
221 229
221 230
221 383
221 389
221 390
221 391
221 400
222 223
222 230
222 391
223 224
223 230
223 231
223 232
223 385
223 391
223 392
223 393
223 402
224 226
224 232
224 393
225 226
225 233
226 232
226 233
226 234
226 387
226 393
226 394
226 395
226 396
226 398
226 404
226 405
227 228
228 229
228 389
228 399
228 400
229 230
229 236
229 400
230 231
230 236
230 237
230 238
230 391
230 400
230 401
230 402
230 408
231 232
231 238
231 402
232 233
232 234
232 238
232 239
232 241
232 393
232 402
232 403
232 404
232 410
233 234
233 240
233 241
234 241
234 404
234 405
235 236
236 237
236 400
236 407
236 408
237 238
237 244
237 408
238 239
238 243
238 244
238 245
238 247
238 402
238 408
238 409
238 410
238 415
239 241
239 247
239 410
240 241
240 248
241 247
241 248
241 249
241 260
241 404
241 405
241 410
241 411
241 412
241 413
241 417
242 243
242 244
242 250
243 244
243 245
243 246
243 247
243 250
243 251
243 253
243 254
244 245
244 250
244 252
244 253
244 265
244 408
244 414
244 415
244 419
244 420
244 422
245 247
245 253
245 415
246 247
246 248
246 254
247 248
247 249
247 253
247 254
247 255
247 257
247 410
247 415
247 416
247 417
247 424
248 249
248 254
248 256
248 257
248 258
248 259
248 260
249 257
249 260
249 417
250 251
250 252
250 253
250 262
250 263
250 264
250 265
250 267
250 268
251 253
251 254
251 268
252 253
252 265
252 267
252 422
253 254
253 255
253 267
253 268
253 269
253 271
253 415
253 422
253 423
253 424
253 461
254 255
254 256
254 257
254 268
254 270
254 271
254 272
255 257
255 271
255 424
256 257
256 259
256 272
257 259
257 260
257 261
257 271
257 272
257 273
257 275
257 417
257 424
257 425
257 426
257 463
258 259
258 260
259 260
259 261
259 272
259 274
259 275
259 276
259 277
259 278
260 261
260 412
260 413
260 417
260 418
260 426
261 275
261 278
261 426
262 263
262 265
263 264
263 265
263 266
263 267
263 280
264 267
264 268
265 266
265 267
265 419
265 420
265 421
265 422
265 455
265 456
265 457
265 459
266 267
266 280
266 456
266 459
267 268
267 269
267 280
267 281
267 282
267 422
267 459
267 460
267 461
267 469
268 269
268 270
268 271
268 282
268 283
269 271
269 282
269 461
270 271
270 272
270 283
271 272
271 273
271 282
271 283
271 284
271 286
271 424
271 461
271 462
271 463
271 471
272 273
272 274
272 275
272 283
272 285
272 286
272 287
273 275
273 286
273 463
274 275
274 277
274 287
275 277
275 278
275 279
275 286
275 287
275 288
275 290
275 426
275 463
275 464
275 466
275 473
276 277
276 278
277 278
277 279
277 287
277 289
277 290
278 279
278 426
278 465
278 466
279 290
279 466
280 281
280 291
280 292
280 293
280 294
280 295
280 456
280 459
280 467
280 468
280 469
280 476
281 282
281 295
281 469
282 283
282 284
282 295
282 296
282 298
282 461
282 469
282 470
282 471
282 478
283 284
283 285
283 286
283 297
283 298
283 299
284 286
284 298
284 471
285 286
285 287
285 299
286 287
286 288
286 298
286 299
286 300
286 302
286 463
286 471
286 472
286 473
286 480
287 288
287 289
287 290
287 299
287 301
287 302
288 290
288 302
288 473
289 290
290 302
290 466
290 473
290 474
290 482
290 483
291 292
291 293
292 293
292 456
292 467
293 294
293 303
293 304
293 467
293 475
293 476
293 484
294 295
294 304
294 476
295 296
295 304
295 305
295 306
295 469
295 476
295 477
295 478
295 486
296 298
296 306
296 478
297 298
297 299
297 307
298 299
298 300
298 306
298 307
298 308
298 310
298 471
298 478
298 479
298 480
298 488
299 300
299 301
299 302
299 307
299 309
299 310
300 302
300 310
300 480
301 302
302 473
302 480
302 481
302 482
302 483
303 304
303 311
303 484
304 305
304 311
304 312
304 313
304 476
304 484
304 485
304 486
304 491
305 306
305 313
305 486
306 307
306 308
306 313
306 314
306 316
306 478
306 486
306 487
306 488
306 493
307 308
307 309
307 310
307 315
307 316
308 310
308 316
308 488
309 310
310 480
310 488
310 489
311 312
311 317
311 318
311 484
311 490
311 491
312 313
312 318
312 491
313 314
313 318
313 319
313 320
313 486
313 491
313 492
313 493
313 496
314 316
314 320
314 493
315 316
315 321
316 320
316 321
316 322
316 488
316 493
316 494
316 498
316 499
316 500
316 501
317 318
317 323
318 319
318 323
318 324
318 325
318 491
318 495
318 496
318 503
319 320
319 325
319 496
320 321
320 322
320 325
320 326
320 328
320 493
320 496
320 497
320 498
320 505
321 322
321 327
321 328
322 328
322 498
322 500
323 324
323 329
323 338
323 503
323 508
323 509
324 325
324 329
324 503
325 326
325 329
325 330
325 331
325 496
325 503
325 504
325 505
325 511
326 328
326 331
326 505
327 328
327 332
327 334
328 331
328 332
328 333
328 334
328 336
328 337
328 498
328 500
328 505
328 506
328 507
328 513
329 330
329 338
329 339
329 340
329 341
329 503
329 509
329 510
329 511
329 519
330 331
330 341
330 511
331 332
331 333
331 341
331 342
331 343
331 505
331 511
331 512
331 513
331 521
332 333
332 334
332 335
332 337
332 343
332 344
333 337
333 343
333 513
334 335
334 336
334 337
335 337
335 344
336 337
336 500
336 507
337 343
337 344
337 345
337 507
337 513
337 514
337 523
337 524
337 525
337 526
338 339
338 509
338 515
339 340
339 346
339 348
339 349
339 350
339 351
339 509
339 515
339 517
339 518
339 519
339 529
340 341
340 351
340 519
341 342
341 351
341 352
341 353
341 511
341 519
341 520
341 521
341 531
342 343
342 353
342 521
343 344
343 345
343 353
343 354
343 513
343 521
343 522
343 523
343 533
343 534
344 345
345 523
345 525
345 534
346 347
346 348
346 349
347 349
347 355
348 349
348 515
348 517
349 350
349 355
349 356
349 357
349 517
349 528
349 529
349 538
350 351
350 357
350 529
351 352
351 357
351 358
351 359
351 519
351 529
351 530
351 531
351 540
352 353
352 359
352 531
353 354
353 359
353 360
353 361
353 521
353 531
353 532
353 533
353 542
354 361
354 533
354 534
355 356
355 357
356 357
356 538
357 358
357 362
357 363
357 364
357 529
357 538
357 539
357 540
357 546
358 359
358 364
358 540
359 360
359 364
359 365
359 366
359 531
359 540
359 541
359 542
359 548
360 361
360 366
360 542
361 366
361 533
361 534
361 542
361 543
361 544
361 545
361 550
361 551
362 363
362 364
363 364
363 546
364 365
364 540
364 546
364 547
364 548
365 366
365 548
365 552
366 542
366 548
366 549
366 550
366 551
366 552
366 553
366 555
367 368
367 369
367 370
367 556
367 557
367 558
368 370
368 371
368 557
369 370
369 381
369 558
370 371
370 372
370 381
370 382
370 383
370 557
370 558
370 559
370 561
370 571
371 372
371 373
371 374
371 557
371 560
371 561
371 562
372 374
372 383
372 561
373 374
373 375
373 562
374 375
374 376
374 383
374 384
374 385
374 561
374 562
374 563
374 565
374 573
375 376
375 377
375 378
375 562
375 564
375 565
375 566
376 378
376 385
376 565
377 378
377 379
377 566
378 379
378 380
378 385
378 386
378 387
378 565
378 566
378 567
378 569
378 575
379 380
379 566
379 568
379 569
380 387
380 569
380 577
381 382
381 388
381 389
381 558
381 570
381 571
381 580
382 383
382 389
382 571
383 384
383 389
383 390
383 391
383 561
383 571
383 572
383 573
383 582
384 385
384 391
384 573
385 386
385 391
385 392
385 393
385 565
385 573
385 574
385 575
385 584
386 387
386 393
386 575
387 393
387 394
387 395
387 397
387 398
387 569
387 575
387 576
387 577
387 579
387 586
388 389
388 580
389 390
389 399
389 400
389 571
389 580
389 581
389 582
389 588
390 391
390 400
390 582
391 392
391 400
391 401
391 402
391 573
391 582
391 583
391 584
391 590
392 393
392 402
392 584
393 394
393 402
393 403
393 404
393 575
393 584
393 585
393 586
393 592
394 398
394 404
394 586
395 396
395 397
395 398
396 398
396 405
397 398
397 577
397 579
398 404
398 405
398 406
398 579
398 586
398 587
398 594
399 400
399 588
400 401
400 407
400 408
400 582
400 588
400 589
400 590
400 595
401 402
401 408
401 590
402 403
402 408
402 409
402 410
402 584
402 590
402 591
402 592
402 597
403 404
403 410
403 592
404 405
404 406
404 410
404 411
404 413
404 586
404 592
404 593
404 594
404 599
405 406
405 412
405 413
406 413
406 594
407 408
407 420
407 595
408 409
408 414
408 415
408 420
408 590
408 595
408 596
408 597
408 602
409 410
409 415
409 597
410 411
410 415
410 416
410 417
410 592
410 597
410 598
410 599
410 604
411 413
411 417
411 599
412 413
413 417
413 418
413 594
413 599
413 600
413 606
413 607
413 608
413 609
414 415
414 420
414 422
414 602
415 416
415 422
415 423
415 424
415 597
415 602
415 603
415 604
415 613
416 417
416 424
416 604
417 418
417 424
417 425
417 426
417 599
417 604
417 605
417 606
417 615
418 426
418 606
418 608
419 420
420 421
420 422
420 595
420 601
420 602
420 611
421 422
421 457
421 459
421 611
422 423
422 459
422 460
422 461
422 602
422 611
422 612
422 613
422 619
423 424
423 461
423 613
424 425
424 461
424 462
424 463
424 604
424 613
424 614
424 615
424 621
425 426
425 463
425 615
426 463
426 464
426 465
426 466
426 606
426 608
426 615
426 616
426 617
426 623
427 428
427 429
427 430
427 431
427 432
427 433
428 430
428 432
428 435
429 430
429 433
430 432
430 433
430 434
430 435
430 436
430 438
431 432
431 433
432 433
432 434
432 435
432 437
432 438
433 434
434 438
435 436
435 437
435 438
435 439
435 440
435 441
436 438
436 440
437 438
437 441
438 440
438 441
438 442
439 440
439 441
439 443
440 441
440 442
440 443
440 444
440 446
441 442
441 443
441 445
441 446
442 446
443 444
443 445
443 446
443 447
443 448
443 449
444 446
444 448
445 446
445 449
446 448
446 449
446 450
447 448
447 449
447 451
448 449
448 450
448 451
448 452
448 454
449 450
449 451
449 453
449 454
450 454
451 452
451 453
451 454
451 455
451 456
451 457
452 454
452 456
453 454
453 457
454 456
454 457
454 458
455 456
455 457
456 457
456 458
456 459
456 467
457 458
457 459
458 459
458 467
458 625
459 460
459 467
459 468
459 469
459 611
459 618
459 619
459 625
459 627
460 461
460 469
460 619
461 462
461 469
461 470
461 471
461 613
461 619
461 620
461 621
461 629
462 463
462 471
462 621
463 464
463 471
463 472
463 473
463 615
463 621
463 622
463 623
463 631
464 466
464 473
464 623
465 466
465 608
465 617
466 473
466 474
466 617
466 623
466 624
466 633
467 468
467 475
467 476
467 625
467 626
467 627
467 634
468 469
468 476
468 627
469 470
469 476
469 477
469 478
469 619
469 627
469 628
469 629
469 636
470 471
470 478
470 629
471 472
471 478
471 479
471 480
471 621
471 629
471 630
471 631
471 638
472 473
472 480
472 631
473 474
473 480
473 481
473 483
473 623
473 631
473 632
473 633
473 640
474 483
474 633
475 476
475 484
475 634
476 477
476 484
476 485
476 486
476 627
476 634
476 635
476 636
476 643
477 478
477 486
477 636
478 479
478 486
478 487
478 488
478 629
478 636
478 637
478 638
478 645
479 480
479 488
479 638
480 481
480 488
480 489
480 631
480 638
480 639
480 640
480 647
481 483
481 640
482 483
483 633
483 640
483 641
484 485
484 490
484 491
484 634
484 642
484 643
484 648
485 486
485 491
485 643
486 487
486 491
486 492
486 493
486 636
486 643
486 644
486 645
486 650
487 488
487 493
487 645
488 489
488 493
488 494
488 501
488 638
488 645
488 646
488 647
488 652
489 501
489 647
490 491
490 648
491 492
491 495
491 496
491 643
491 648
491 649
491 650
491 654
492 493
492 496
492 650
493 494
493 496
493 497
493 498
493 645
493 650
493 651
493 652
493 656
494 498
494 501
494 652
495 496
495 503
495 654
495 660
496 497
496 503
496 504
496 505
496 650
496 654
496 655
496 656
496 667
497 498
497 505
497 656
498 500
498 501
498 502
498 505
498 506
498 507
498 652
498 656
498 657
498 658
498 669
499 500
499 501
500 501
500 502
500 507
501 502
501 647
501 652
501 653
501 658
502 507
502 658
502 671
503 504
503 508
503 509
503 510
503 511
503 654
503 660
503 665
503 666
503 667
503 676
504 505
504 511
504 667
505 506
505 511
505 512
505 513
505 656
505 667
505 668
505 669
505 678
506 507
506 513
506 669
507 513
507 514
507 526
507 658
507 669
507 670
507 671
507 672
507 674
507 680
508 509
508 660
508 661
508 665
509 510
509 515
509 516
509 517
509 518
509 519
509 665
509 675
509 676
509 682
509 684
510 511
510 519
510 676
511 512
511 519
511 520
511 521
511 667
511 676
511 677
511 678
511 686
512 513
512 521
512 678
513 514
513 521
513 522
513 523
513 669
513 678
513 679
513 680
513 688
514 523
514 526
514 680
515 516
515 517
516 517
516 682
517 518
517 528
517 529
517 682
517 683
517 684
517 691
518 519
518 529
518 684
519 520
519 529
519 530
519 531
519 676
519 684
519 685
519 686
519 693
520 521
520 531
520 686
521 522
521 531
521 532
521 533
521 678
521 686
521 687
521 688
521 695
522 523
522 533
522 688
523 525
523 526
523 527
523 533
523 534
523 535
523 537
523 680
523 688
523 689
523 690
523 697
524 525
524 526
525 526
525 527
525 534
525 536
525 537
526 527
526 672
526 674
526 680
526 681
526 690
527 537
527 690
528 529
528 538
528 691
529 530
529 538
529 539
529 540
529 684
529 691
529 692
529 693
529 700
530 531
530 540
530 693
531 532
531 540
531 541
531 542
531 686
531 693
531 694
531 695
531 702
532 533
532 542
532 695
533 534
533 535
533 542
533 543
533 545
533 688
533 695
533 696
533 697
533 704
534 535
534 536
534 537
534 544
534 545
535 537
535 545
535 697
536 537
537 690
537 697
537 698
538 539
538 691
538 699
538 700
539 540
539 546
539 700
540 541
540 546
540 547
540 548
540 693
540 700
540 701
540 702
540 707
541 542
541 548
541 702
542 543
542 548
542 549
542 551
542 695
542 702
542 703
542 704
542 709
543 545
543 551
543 704
544 545
545 697
545 704
545 705
546 547
546 700
546 706
546 707
547 548
547 707
547 711
548 549
548 552
548 554
548 555
548 702
548 707
548 708
548 709
548 711
548 713
549 551
549 555
549 709
550 551
551 704
551 709
551 710
552 553
552 554
552 555
553 555
554 555
554 711
554 713
555 709
555 713
555 714
556 557
556 558
557 558
557 559
557 560
557 561
557 715
557 716
557 717
558 559
558 570
558 571
558 717
558 730
558 731
559 561
559 571
559 717
560 561
560 562
560 716
561 562
561 563
561 571
561 572
561 573
561 716
561 717
561 718
561 720
561 733
562 563
562 564
562 565
562 716
562 719
562 720
562 721
563 565
563 573
563 720
564 565
564 566
564 721
565 566
565 567
565 573
565 574
565 575
565 720
565 721
565 722
565 724
565 735
566 567
566 568
566 569
566 721
566 723
566 724
566 725
567 569
567 575
567 724
568 569
568 725
568 727
569 575
569 576
569 577
569 578
569 579
569 724
569 725
569 726
569 727
569 729
569 737
570 571
570 580
570 731
571 572
571 580
571 581
571 582
571 717
571 731
571 732
571 733
571 740
572 573
572 582
572 733
573 574
573 582
573 583
573 584
573 720
573 733
573 734
573 735
573 742
574 575
574 584
574 735
575 576
575 584
575 585
575 586
575 724
575 735
575 736
575 737
575 744
576 579
576 586
576 737
577 578
577 579
578 579
578 727
578 729
579 586
579 587
579 729
579 737
579 738
579 746
580 581
580 731
580 739
580 740
581 582
581 588
581 740
582 583
582 588
582 589
582 590
582 733
582 740
582 741
582 742
582 748
583 584
583 590
583 742
584 585
584 590
584 591
584 592
584 735
584 742
584 743
584 744
584 750
585 586
585 592
585 744
586 587
586 592
586 593
586 594
586 737
586 744
586 745
586 746
586 752
587 594
587 746
588 589
588 740
588 747
588 748
589 590
589 595
589 748
590 591
590 595
590 596
590 597
590 742
590 748
590 749
590 750
590 755
591 592
591 597
591 750
592 593
592 597
592 598
592 599
592 744
592 750
592 751
592 752
592 757
593 594
593 599
593 752
594 599
594 600
594 746
594 752
594 753
594 759
595 596
595 601
595 602
595 748
595 754
595 755
595 760
596 597
596 602
596 755
597 598
597 602
597 603
597 604
597 750
597 755
597 756
597 757
597 762
598 599
598 604
598 757
599 600
599 604
599 605
599 606
599 752
599 757
599 758
599 759
599 764
600 606
600 609
600 759
601 602
601 611
601 760
602 603
602 611
602 612
602 613
602 755
602 760
602 761
602 762
602 769
603 604
603 613
603 762
604 605
604 613
604 614
604 615
604 757
604 762
604 763
604 764
604 771
605 606
605 615
605 764
606 608
606 609
606 610
606 615
606 616
606 617
606 759
606 764
606 765
606 767
606 773
607 608
607 609
608 609
608 610
608 617
609 610
609 759
609 766
609 767
610 617
610 767
611 612
611 618
611 619
611 760
611 768
611 769
611 775
612 613
612 619
612 769
613 614
613 619
613 620
613 621
613 762
613 769
613 770
613 771
613 777
614 615
614 621
614 771
615 616
615 621
615 622
615 623
615 764
615 771
615 772
615 773
615 779
616 617
616 623
616 773
617 623
617 624
617 767
617 773
617 774
617 781
618 619
618 625
618 627
618 775
619 620
619 627
619 628
619 629
619 769
619 775
619 776
619 777
619 783
620 621
620 629
620 777
621 622
621 629
621 630
621 631
621 771
621 777
621 778
621 779
621 785
622 623
622 631
622 779
623 624
623 631
623 632
623 633
623 773
623 779
623 780
623 781
623 787
624 633
624 781
625 626
625 627
626 627
626 634
627 628
627 634
627 635
627 636
627 775
627 782
627 783
627 789
628 629
628 636
628 783
629 630
629 636
629 637
629 638
629 777
629 783
629 784
629 785
629 791
630 631
630 638
630 785
631 632
631 638
631 639
631 640
631 779
631 785
631 786
631 787
631 793
632 633
632 640
632 787
633 640
633 641
633 781
633 787
633 788
633 795
634 635
634 642
634 643
634 789
634 796
634 797
635 636
635 643
635 789
636 637
636 643
636 644
636 645
636 783
636 789
636 790
636 791
636 799
637 638
637 645
637 791
638 639
638 645
638 646
638 647
638 785
638 791
638 792
638 793
638 801
639 640
639 647
639 793
640 641
640 647
640 787
640 793
640 794
640 795
640 803
640 804
641 795
642 643
642 648
642 797
642 805
643 644
643 648
643 649
643 650
643 789
643 797
643 798
643 799
643 810
644 645
644 650
644 799
645 646
645 650
645 651
645 652
645 791
645 799
645 800
645 801
645 812
646 647
646 652
646 801
647 652
647 653
647 793
647 801
647 802
647 803
647 804
647 814
648 649
648 654
648 662
648 663
648 797
648 805
648 806
648 808
648 809
648 810
648 816
649 650
649 654
649 810
650 651
650 654
650 655
650 656
650 799
650 810
650 811
650 812
650 818
651 652
651 656
651 812
652 653
652 656
652 657
652 658
652 801
652 812
652 813
652 814
652 820
653 658
653 814
654 655
654 660
654 663
654 665
654 666
654 667
654 810
654 816
654 817
654 818
654 824
655 656
655 667
655 818
656 657
656 667
656 668
656 669
656 812
656 818
656 819
656 820
656 826
657 658
657 669
657 820
658 669
658 670
658 671
658 673
658 674
658 814
658 820
658 821
658 828
658 829
659 660
659 661
659 662
660 661
660 662
660 663
660 665
661 662
661 664
661 665
662 663
662 664
662 665
662 806
662 808
662 815
662 816
662 822
663 665
663 816
664 665
664 682
664 822
665 666
665 675
665 676
665 682
665 816
665 822
665 823
665 824
665 832
666 667
666 676
666 824
667 668
667 676
667 677
667 678
667 818
667 824
667 825
667 826
667 834
668 669
668 678
668 826
669 670
669 678
669 679
669 680
669 820
669 826
669 827
669 828
669 836
670 674
670 680
670 828
671 672
671 673
671 674
672 674
673 674
673 829
674 680
674 681
674 828
674 829
674 830
675 676
675 682
675 684
675 832
676 677
676 684
676 685
676 686
676 824
676 832
676 833
676 834
676 839
677 678
677 686
677 834
678 679
678 686
678 687
678 688
678 826
678 834
678 835
678 836
678 841
679 680
679 688
679 836
680 681
680 688
680 689
680 690
680 828
680 836
680 837
680 843
680 844
681 690
681 844
682 683
682 684
682 822
682 831
682 832
683 684
683 691
683 846
684 685
684 691
684 692
684 693
684 832
684 838
684 839
684 846
684 848
685 686
685 693
685 839
686 687
686 693
686 694
686 695
686 834
686 839
686 840
686 841
686 850
687 688
687 695
687 841
688 689
688 695
688 696
688 697
688 836
688 841
688 842
688 843
688 852
689 690
689 697
689 843
690 697
690 698
690 843
690 844
690 845
690 854
691 692
691 699
691 700
691 846
691 847
691 848
691 855
692 693
692 700
692 848
693 694
693 700
693 701
693 702
693 839
693 848
693 849
693 850
693 857
694 695
694 702
694 850
695 696
695 702
695 703
695 704
695 841
695 850
695 851
695 852
695 859
696 697
696 704
696 852
697 698
697 704
697 705
697 843
697 852
697 853
697 854
697 861
698 854
699 700
699 855
699 862
700 701
700 706
700 707
700 848
700 855
700 856
700 857
700 862
700 864
701 702
701 707
701 857
702 703
702 707
702 708
702 709
702 850
702 857
702 858
702 859
702 866
703 704
703 709
703 859
704 705
704 709
704 710
704 852
704 859
704 860
704 861
704 868
705 861
706 707
706 862
706 864
707 708
707 711
707 712
707 713
707 857
707 864
707 865
707 866
707 869
708 709
708 713
708 866
709 710
709 713
709 714
709 859
709 866
709 867
709 868
709 871
709 872
710 868
710 872
711 712
711 713
712 713
712 869
713 714
713 866
713 869
713 870
713 871
714 871
714 872
715 716
715 717
715 874
716 717
716 718
716 719
716 720
716 874
716 875
716 877
716 878
717 718
717 730
717 731
717 732
717 733
717 874
717 876
717 877
717 888
717 890
718 720
718 733
718 877
719 720
719 721
719 878
720 721
720 722
720 733
720 734
720 735
720 877
720 878
720 879
720 881
720 892
721 722
721 723
721 724
721 878
721 880
721 881
721 882
722 724
722 735
722 881
723 724
723 725
723 882
724 725
724 726
724 735
724 736
724 737
724 881
724 882
724 883
724 885
724 894
725 726
725 727
725 728
725 729
725 882
725 884
725 885
725 886
726 729
726 737
726 885
727 728
727 729
728 729
728 886
729 737
729 738
729 885
729 886
729 887
729 896
730 731
730 888
731 732
731 739
731 740
731 888
731 889
731 890
731 897
732 733
732 740
732 890
733 734
733 740
733 741
733 742
733 877
733 890
733 891
733 892
733 899
734 735
734 742
734 892
735 736
735 742
735 743
735 744
735 881
735 892
735 893
735 894
735 901
736 737
736 744
736 894
737 738
737 744
737 745
737 746
737 885
737 894
737 895
737 896
737 903
738 746
738 896
739 740
739 897
740 741
740 747
740 748
740 890
740 897
740 898
740 899
740 905
741 742
741 748
741 899
742 743
742 748
742 749
742 750
742 892
742 899
742 900
742 901
742 907
743 744
743 750
743 901
744 745
744 750
744 751
744 752
744 894
744 901
744 902
744 903
744 909
745 746
745 752
745 903
746 752
746 753
746 896
746 903
746 904
746 911
747 748
747 905
748 749
748 754
748 755
748 899
748 905
748 906
748 907
748 912
749 750
749 755
749 907
750 751
750 755
750 756
750 757
750 901
750 907
750 908
750 909
750 914
751 752
751 757
751 909
752 753
752 757
752 758
752 759
752 903
752 909
752 910
752 911
752 916
753 759
753 911
754 755
754 760
754 912
755 756
755 760
755 761
755 762
755 907
755 912
755 913
755 914
755 918
756 757
756 762
756 914
757 758
757 762
757 763
757 764
757 909
757 914
757 915
757 916
757 920
758 759
758 764
758 916
759 764
759 765
759 766
759 767
759 911
759 916
759 917
759 922
759 923
760 761
760 768
760 769
760 918
760 925
760 926
761 762
761 769
761 918
762 763
762 769
762 770
762 771
762 914
762 918
762 919
762 920
762 928
763 764
763 771
763 920
764 765
764 771
764 772
764 773
764 916
764 920
764 921
764 922
764 930
765 767
765 773
765 922
766 767
766 923
767 773
767 774
767 922
767 923
767 924
767 932
768 769
768 775
768 926
769 770
769 775
769 776
769 777
769 918
769 926
769 927
769 928
769 934
770 771
770 777
770 928
771 772
771 777
771 778
771 779
771 920
771 928
771 929
771 930
771 936
772 773
772 779
772 930
773 774
773 779
773 780
773 781
773 922
773 930
773 931
773 932
773 938
774 781
774 932
775 776
775 782
775 783
775 926
775 933
775 934
775 940
776 777
776 783
776 934
777 778
777 783
777 784
777 785
777 928
777 934
777 935
777 936
777 942
778 779
778 785
778 936
779 780
779 785
779 786
779 787
779 930
779 936
779 937
779 938
779 944
780 781
780 787
780 938
781 787
781 788
781 932
781 938
781 939
781 946
782 783
782 789
782 940
783 784
783 789
783 790
783 791
783 934
783 940
783 941
783 942
783 948
784 785
784 791
784 942
785 786
785 791
785 792
785 793
785 936
785 942
785 943
785 944
785 950
786 787
786 793
786 944
787 788
787 793
787 794
787 795
787 938
787 944
787 945
787 946
787 952
788 795
788 946
789 790
789 796
789 797
789 798
789 799
789 940
789 947
789 948
789 959
790 791
790 799
790 948
791 792
791 799
791 800
791 801
791 942
791 948
791 949
791 950
791 961
792 793
792 801
792 950
793 794
793 801
793 802
793 804
793 944
793 950
793 951
793 952
793 963
794 795
794 804
794 952
795 946
795 952
795 953
796 797
796 954
796 956
797 798
797 805
797 807
797 808
797 809
797 810
797 954
797 956
797 957
797 958
797 959
797 966
798 799
798 810
798 959
799 800
799 810
799 811
799 812
799 948
799 959
799 960
799 961
799 968
800 801
800 812
800 961
801 802
801 812
801 813
801 814
801 950
801 961
801 962
801 963
801 970
802 804
802 814
802 963
803 804
804 952
804 963
804 964
805 806
805 807
805 808
806 808
807 808
807 954
807 957
808 809
808 815
808 816
808 957
808 965
808 966
808 972
809 810
809 816
809 966
810 811
810 816
810 817
810 818
810 959
810 966
810 967
810 968
810 974
811 812
811 818
811 968
812 813
812 818
812 819
812 820
812 961
812 968
812 969
812 970
812 976
813 814
813 820
813 970
814 820
814 821
814 963
814 970
814 971
814 978
815 816
815 822
815 972
816 817
816 822
816 823
816 824
816 966
816 972
816 973
816 974
816 980
817 818
817 824
817 974
818 819
818 824
818 825
818 826
818 968
818 974
818 975
818 976
818 982
819 820
819 826
819 976
820 821
820 826
820 827
820 828
820 970
820 976
820 977
820 978
820 984
821 828
821 829
821 978
822 823
822 831
822 832
822 972
822 979
822 980
823 824
823 832
823 980
824 825
824 832
824 833
824 834
824 974
824 980
824 981
824 982
824 987
825 826
825 834
825 982
826 827
826 834
826 835
826 836
826 976
826 982
826 983
826 984
826 989
827 828
827 836
827 984
828 829
828 830
828 836
828 837
828 978
828 984
828 985
828 991
829 830
831 832
832 833
832 838
832 839
832 980
832 986
832 987
832 992
833 834
833 839
833 987
834 835
834 839
834 840
834 841
834 982
834 987
834 988
834 989
834 994
835 836
835 841
835 989
836 837
836 841
836 842
836 843
836 984
836 989
836 990
836 991
836 996
837 843
837 844
837 991
838 839
838 846
838 848
838 992
839 840
839 848
839 849
839 850
839 987
839 992
839 993
839 994
839 1001
840 841
840 850
840 994
841 842
841 850
841 851
841 852
841 989
841 994
841 995
841 996
841 1003
842 843
842 852
842 996
843 844
843 845
843 852
843 853
843 854
843 991
843 996
843 997
843 999
843 1005
844 845
844 991
844 998
844 999
845 854
845 999
846 847
846 848
847 848
847 855
848 849
848 855
848 856
848 857
848 992
848 1000
848 1001
848 1006
849 850
849 857
849 1001
850 851
850 857
850 858
850 859
850 994
850 1001
850 1002
850 1003
850 1008
851 852
851 859
851 1003
852 853
852 859
852 860
852 861
852 996
852 1003
852 1004
852 1005
852 1010
853 854
853 861
853 1005
855 856
855 862
855 863
855 864
856 857
856 864
856 1006
857 858
857 864
857 865
857 866
857 1001
857 1006
857 1007
857 1008
857 1013
858 859
858 866
858 1008
859 860
859 866
859 867
859 868
859 1003
859 1008
859 1009
859 1010
859 1015
860 861
860 868
860 1010
861 1005
861 1010
861 1011
862 863
862 864
863 864
864 865
864 1006
864 1012
864 1013
865 866
865 869
865 1013
866 867
866 869
866 870
866 871
866 1008
866 1013
866 1014
866 1015
866 1018
867 868
867 871
867 1015
868 871
868 872
868 873
868 1010
868 1015
868 1016
869 870
869 1013
869 1017
869 1018
870 871
870 1018
871 872
871 873
871 1015
871 1018
871 1019
872 873
874 875
874 876
874 877
874 1020
874 1021
874 1022
875 877
875 878
875 1021
876 877
876 888
876 890
876 1022
877 878
877 879
877 890
877 891
877 892
877 1021
877 1022
877 1023
877 1025
877 1035
878 879
878 880
878 881
878 1021
878 1024
878 1025
878 1026
879 881
879 892
879 1025
880 881
880 882
880 1026
881 882
881 883
881 892
881 893
881 894
881 1025
881 1026
881 1027
881 1029
881 1037
882 883
882 884
882 885
882 1026
882 1028
882 1029
882 1030
883 885
883 894
883 1029
884 885
884 886
884 1030
885 886
885 887
885 894
885 895
885 896
885 1029
885 1030
885 1031
885 1033
885 1039
886 887
886 1030
886 1032
886 1033
887 896
887 1033
888 889
888 890
889 890
889 897
890 891
890 897
890 898
890 899
890 1022
890 1034
890 1035
890 1041
891 892
891 899
891 1035
892 893
892 899
892 900
892 901
892 1025
892 1035
892 1036
892 1037
892 1043
893 894
893 901
893 1037
894 895
894 901
894 902
894 903
894 1029
894 1037
894 1038
894 1039
894 1045
895 896
895 903
895 1039
896 903
896 904
896 1033
896 1039
896 1040
897 898
898 899
898 905
898 1041
899 900
899 905
899 906
899 907
899 1035
899 1041
899 1042
899 1043
899 1047
900 901
900 907
900 1043
901 902
901 907
901 908
901 909
901 1037
901 1043
901 1044
901 1045
901 1049
902 903
902 909
902 1045
903 904
903 909
903 910
903 911
903 1039
903 1045
903 1046
903 1051
904 911
905 906
906 907
906 912
906 1047
907 908
907 912
907 913
907 914
907 1043
907 1047
907 1048
907 1049
907 1053
908 909
908 914
908 1049
909 910
909 914
909 915
909 916
909 1045
909 1049
909 1050
909 1051
909 1055
910 911
910 916
910 1051
911 916
911 917
911 1051
911 1057
911 1058
912 913
912 1047
912 1052
912 1053
913 914
913 918
913 1053
914 915
914 918
914 919
914 920
914 1049
914 1053
914 1054
914 1055
914 1060
915 916
915 920
915 1055
916 917
916 920
916 921
916 922
916 1051
916 1055
916 1056
916 1058
916 1062
917 922
917 923
917 1058
918 919
918 925
918 926
918 927
918 928
918 1053
918 1059
918 1060
918 1064
919 920
919 928
919 1060
920 921
920 928
920 929
920 930
920 1055
920 1060
920 1061
920 1062
920 1066
921 922
921 930
921 1062
922 923
922 924
922 930
922 931
922 932
922 1058
922 1062
922 1063
922 1068
923 924
924 932
925 926
926 927
926 933
926 934
926 1064
926 1069
926 1070
927 928
927 934
927 1064
928 929
928 934
928 935
928 936
928 1060
928 1064
928 1065
928 1066
928 1072
929 930
929 936
929 1066
930 931
930 936
930 937
930 938
930 1062
930 1066
930 1067
930 1068
930 1074
931 932
931 938
931 1068
932 938
932 939
932 1068
932 1076
932 1077
933 934
933 940
933 1070
934 935
934 940
934 941
934 942
934 1064
934 1070
934 1071
934 1072
934 1079
935 936
935 942
935 1072
936 937
936 942
936 943
936 944
936 1066
936 1072
936 1073
936 1074
936 1081
937 938
937 944
937 1074
938 939
938 944
938 945
938 946
938 1068
938 1074
938 1075
938 1077
938 1083
939 946
939 1077
940 941
940 947
940 948
940 1070
940 1078
940 1079
940 1085
941 942
941 948
941 1079
942 943
942 948
942 949
942 950
942 1072
942 1079
942 1080
942 1081
942 1087
943 944
943 950
943 1081
944 945
944 950
944 951
944 952
944 1074
944 1081
944 1082
944 1083
944 1089
945 946
945 952
945 1083
946 952
946 953
946 1077
946 1083
946 1084
946 1091
947 948
947 959
947 1085
948 949
948 959
948 960
948 961
948 1079
948 1085
948 1086
948 1087
948 1093
949 950
949 961
949 1087
950 951
950 961
950 962
950 963
950 1081
950 1087
950 1088
950 1089
950 1095
951 952
951 963
951 1089
952 953
952 963
952 964
952 1083
952 1089
952 1090
952 1091
952 1097
953 1091
954 955
954 956
954 957
955 956
955 957
956 957
956 958
957 958
957 965
957 966
958 959
958 966
959 960
959 966
959 967
959 968
959 1085
959 1092
959 1093
959 1098
960 961
960 968
960 1093
961 962
961 968
961 969
961 970
961 1087
961 1093
961 1094
961 1095
961 1100
962 963
962 970
962 1095
963 964
963 970
963 971
963 1089
963 1095
963 1096
963 1097
963 1102
964 1097
965 966
965 972
966 967
966 972
966 973
966 974
967 968
967 974
967 1098
968 969
968 974
968 975
968 976
968 1093
968 1098
968 1099
968 1100
968 1104
969 970
969 976
969 1100
970 971
970 976
970 977
970 978
970 1095
970 1100
970 1101
970 1102
970 1106
971 978
971 1102
972 973
972 979
972 980
973 974
973 980
974 975
974 980
974 981
974 1098
974 1103
974 1104
975 976
975 982
975 1104
976 977
976 982
976 983
976 984
976 1100
976 1104
976 1105
976 1106
976 1109
977 978
977 984
977 1106
978 984
978 985
978 1102
978 1106
978 1107
978 1111
979 980
980 981
980 986
980 987
981 982
981 987
981 1112
982 983
982 987
982 988
982 989
982 1104
982 1108
982 1109
982 1112
982 1114
983 984
983 989
983 1109
984 985
984 989
984 990
984 991
984 1106
984 1109
984 1110
984 1111
984 1116
985 991
985 1111
986 987
986 992
987 988
987 992
987 993
987 994
987 1112
987 1113
987 1114
987 1118
988 989
988 994
988 1114
989 990
989 994
989 995
989 996
989 1109
989 1114
989 1115
989 1116
989 1120
990 991
990 996
990 1116
991 996
991 997
991 998
991 999
991 1111
991 1116
991 1117
991 1122
992 993
992 1000
992 1001
992 1118
992 1123
992 1124
993 994
993 1001
993 1118
994 995
994 1001
994 1002
994 1003
994 1114
994 1118
994 1119
994 1120
994 1126
995 996
995 1003
995 1120
996 997
996 1003
996 1004
996 1005
996 1116
996 1120
996 1121
996 1122
996 1128
997 999
997 1005
997 1122
998 999
1000 1001
1000 1006
1000 1124
1001 1002
1001 1006
1001 1007
1001 1008
1001 1118
1001 1124
1001 1125
1001 1126
1001 1131
1002 1003
1002 1008
1002 1126
1003 1004
1003 1008
1003 1009
1003 1010
1003 1120
1003 1126
1003 1127
1003 1128
1003 1133
1004 1005
1004 1010
1004 1128
1005 1010
1005 1011
1005 1122
1005 1128
1005 1129
1005 1135
1006 1007
1006 1012
1006 1013
1006 1124
1006 1130
1006 1131
1006 1136
1007 1008
1007 1013
1007 1131
1008 1009
1008 1013
1008 1014
1008 1015
1008 1126
1008 1131
1008 1132
1008 1133
1008 1138
1009 1010
1009 1015
1009 1133
1010 1011
1010 1015
1010 1016
1010 1128
1010 1133
1010 1134
1010 1135
1010 1140
1010 1141
1011 1135
1011 1141
1012 1013
1012 1136
1013 1014
1013 1017
1013 1018
1013 1131
1013 1136
1013 1137
1013 1138
1014 1015
1014 1018
1014 1138
1015 1016
1015 1018
1015 1019
1015 1133
1015 1138
1015 1139
1015 1140
1016 1140
1016 1141
1017 1018
1018 1019
1020 1021
1020 1022
1021 1022
1021 1023
1021 1024
1021 1025
1021 1143
1021 1144
1021 1145
1022 1023
1022 1034
1022 1035
1023 1025
1023 1035
1023 1145
1024 1025
1024 1026
1024 1144
1025 1026
1025 1027
1025 1035
1025 1036
1025 1037
1025 1144
1025 1145
1025 1146
1025 1148
1025 1154
1026 1027
1026 1028
1026 1029
1026 1144
1026 1147
1026 1148
1026 1149
1027 1029
1027 1037
1027 1148
1028 1029
1028 1030
1028 1149
1029 1030
1029 1031
1029 1037
1029 1038
1029 1039
1029 1148
1029 1149
1029 1150
1029 1152
1029 1156
1030 1031
1030 1032
1030 1033
1030 1149
1030 1151
1030 1152
1031 1033
1031 1039
1031 1152
1032 1033
1033 1039
1033 1040
1034 1035
1034 1041
1035 1036
1035 1041
1035 1042
1035 1043
1035 1145
1035 1153
1035 1154
1035 1158
1036 1037
1036 1043
1036 1154
1037 1038
1037 1043
1037 1044
1037 1045
1037 1148
1037 1154
1037 1155
1037 1156
1037 1160
1038 1039
1038 1045
1038 1156
1039 1040
1039 1045
1039 1046
1039 1152
1039 1156
1039 1157
1039 1162
1041 1042
1042 1043
1042 1047
1042 1158
1043 1044
1043 1047
1043 1048
1043 1049
1043 1154
1043 1158
1043 1159
1043 1160
1043 1163
1044 1045
1044 1049
1044 1160
1045 1046
1045 1049
1045 1050
1045 1051
1045 1156
1045 1160
1045 1161
1045 1162
1045 1165
1046 1051
1046 1162
1047 1048
1047 1052
1047 1053
1048 1049
1048 1053
1048 1163
1049 1050
1049 1053
1049 1054
1049 1055
1049 1160
1049 1163
1049 1164
1049 1165
1049 1166
1050 1051
1050 1055
1050 1165
1051 1055
1051 1056
1051 1057
1051 1058
1051 1165
1051 1168
1051 1169
1052 1053
1053 1054
1053 1059
1053 1060
1054 1055
1054 1060
1054 1166
1055 1056
1055 1060
1055 1061
1055 1062
1055 1165
1055 1166
1055 1167
1055 1169
1055 1171
1056 1058
1056 1062
1056 1169
1057 1058
1058 1062
1058 1063
1059 1060
1059 1064
1059 1173
1060 1061
1060 1064
1060 1065
1060 1066
1060 1166
1060 1170
1060 1171
1060 1173
1060 1175
1061 1062
1061 1066
1061 1171
1062 1063
1062 1066
1062 1067
1062 1068
1062 1169
1062 1171
1062 1172
1062 1177
1063 1068
1064 1065
1064 1069
1064 1070
1064 1071
1064 1072
1064 1173
1064 1174
1064 1175
1064 1178
1065 1066
1065 1072
1065 1175
1066 1067
1066 1072
1066 1073
1066 1074
1066 1171
1066 1175
1066 1176
1066 1177
1066 1180
1067 1068
1067 1074
1067 1177
1068 1074
1068 1075
1068 1076
1068 1077
1068 1177
1068 1182
1068 1183
1069 1070
1070 1071
1070 1078
1070 1079
1071 1072
1071 1079
1071 1178
1072 1073
1072 1079
1072 1080
1072 1081
1072 1175
1072 1178
1072 1179
1072 1180
1072 1185
1073 1074
1073 1081
1073 1180
1074 1075
1074 1081
1074 1082
1074 1083
1074 1177
1074 1180
1074 1181
1074 1183
1074 1187
1075 1077
1075 1083
1075 1183
1076 1077
1077 1083
1077 1084
1078 1079
1078 1085
1078 1189
1079 1080
1079 1085
1079 1086
1079 1087
1079 1178
1079 1184
1079 1185
1079 1189
1079 1191
1080 1081
1080 1087
1080 1185
1081 1082
1081 1087
1081 1088
1081 1089
1081 1180
1081 1185
1081 1186
1081 1187
1081 1193
1082 1083
1082 1089
1082 1187
1083 1084
1083 1089
1083 1090
1083 1091
1083 1183
1083 1187
1083 1188
1083 1195
1084 1091
1085 1086
1085 1092
1085 1093
1085 1189
1085 1190
1085 1191
1085 1196
1086 1087
1086 1093
1086 1191
1087 1088
1087 1093
1087 1094
1087 1095
1087 1185
1087 1191
1087 1192
1087 1193
1087 1198
1088 1089
1088 1095
1088 1193
1089 1090
1089 1095
1089 1096
1089 1097
1089 1187
1089 1193
1089 1194
1089 1195
1089 1200
1090 1091
1090 1097
1090 1195
1092 1093
1092 1098
1092 1196
1093 1094
1093 1098
1093 1099
1093 1100
1093 1191
1093 1196
1093 1197
1093 1198
1093 1202
1094 1095
1094 1100
1094 1198
1095 1096
1095 1100
1095 1101
1095 1102
1095 1193
1095 1198
1095 1199
1095 1200
1095 1204
1096 1097
1096 1102
1096 1200
1098 1099
1098 1103
1098 1104
1098 1196
1098 1201
1098 1202
1098 1206
1099 1100
1099 1104
1099 1202
1100 1101
1100 1104
1100 1105
1100 1106
1100 1198
1100 1202
1100 1203
1100 1204
1100 1208
1101 1102
1101 1106
1101 1204
1102 1106
1102 1107
1102 1200
1102 1204
1102 1205
1102 1210
1103 1104
1103 1206
1104 1105
1104 1108
1104 1109
1104 1202
1104 1206
1104 1207
1104 1208
1104 1211
1105 1106
1105 1109
1105 1208
1106 1107
1106 1109
1106 1110
1106 1111
1106 1204
1106 1208
1106 1209
1106 1210
1106 1213
1107 1111
1107 1210
1108 1109
1108 1112
1108 1114
1108 1211
1109 1110
1109 1114
1109 1115
1109 1116
1109 1208
1109 1211
1109 1212
1109 1213
1109 1216
1110 1111
1110 1116
1110 1213
1111 1116
1111 1117
1111 1210
1111 1213
1111 1214
1111 1218
1112 1113
1112 1114
1113 1114
1113 1118
1114 1115
1114 1118
1114 1119
1114 1120
1114 1211
1114 1215
1114 1216
1114 1219
1115 1116
1115 1120
1115 1216
1116 1117
1116 1120
1116 1121
1116 1122
1116 1213
1116 1216
1116 1217
1116 1218
1116 1221
1117 1122
1117 1218
1118 1119
1118 1123
1118 1124
1118 1125
1118 1126
1119 1120
1119 1126
1119 1219
1120 1121
1120 1126
1120 1127
1120 1128
1120 1216
1120 1219
1120 1220
1120 1221
1120 1224
1121 1122
1121 1128
1121 1221
1122 1128
1122 1129
1122 1218
1122 1221
1122 1222
1122 1226
1123 1124
1124 1125
1124 1130
1124 1131
1125 1126
1125 1131
1126 1127
1126 1131
1126 1132
1126 1133
1126 1219
1126 1223
1126 1224
1126 1227
1127 1128
1127 1133
1127 1224
1128 1129
1128 1133
1128 1134
1128 1135
1128 1221
1128 1224
1128 1225
1128 1226
1128 1229
1129 1135
1129 1226
1130 1131
1130 1136
1131 1132
1131 1136
1131 1137
1131 1138
1132 1133
1132 1138
1132 1227
1133 1134
1133 1138
1133 1139
1133 1140
1133 1224
1133 1227
1133 1228
1133 1229
1133 1232
1134 1135
1134 1140
1134 1229
1135 1140
1135 1141
1135 1142
1135 1226
1135 1229
1135 1230
1135 1234
1136 1137
1137 1138
1138 1139
1138 1227
1138 1231
1138 1232
1139 1140
1139 1232
1140 1141
1140 1142
1140 1229
1140 1232
1140 1233
1140 1234
1141 1142
1142 1234
1143 1144
1143 1145
1144 1145
1144 1146
1144 1147
1144 1148
1145 1146
1145 1153
1145 1154
1146 1148
1146 1154
1147 1148
1147 1149
1148 1149
1148 1150
1148 1154
1148 1155
1148 1156
1149 1150
1149 1151
1149 1152
1150 1152
1150 1156
1151 1152
1152 1156
1152 1157
1153 1154
1153 1158
1154 1155
1154 1158
1154 1159
1154 1160
1155 1156
1155 1160
1156 1157
1156 1160
1156 1161
1156 1162
1157 1162
1158 1159
1159 1160
1159 1163
1160 1161
1160 1163
1160 1164
1160 1165
1161 1162
1161 1165
1163 1164
1164 1165
1164 1166
1165 1166
1165 1167
1165 1168
1165 1169
1166 1167
1166 1170
1166 1171
1167 1169
1167 1171
1168 1169
1169 1171
1169 1172
1170 1171
1170 1173
1170 1175
1171 1172
1171 1175
1171 1176
1171 1177
1172 1177
1173 1174
1173 1175
1174 1175
1174 1178
1175 1176
1175 1178
1175 1179
1175 1180
1176 1177
1176 1180
1177 1180
1177 1181
1177 1182
1177 1183
1178 1179
1178 1184
1178 1185
1179 1180
1179 1185
1180 1181
1180 1185
1180 1186
1180 1187
1181 1183
1181 1187
1182 1183
1183 1187
1183 1188
1184 1185
1184 1189
1184 1191
1185 1186
1185 1191
1185 1192
1185 1193
1186 1187
1186 1193
1187 1188
1187 1193
1187 1194
1187 1195
1188 1195
1189 1190
1189 1191
1190 1191
1190 1196
1191 1192
1191 1196
1191 1197
1191 1198
1192 1193
1192 1198
1193 1194
1193 1198
1193 1199
1193 1200
1194 1195
1194 1200
1196 1197
1196 1201
1196 1202
1197 1198
1197 1202
1197 1235
1198 1199
1198 1202
1198 1203
1198 1204
1198 1235
1198 1236
1198 1238
1198 1239
1199 1200
1199 1204
1199 1239
1200 1204
1200 1205
1201 1202
1201 1206
1202 1203
1202 1206
1202 1207
1202 1208
1202 1235
1202 1237
1202 1238
1202 1241
1203 1204
1203 1208
1203 1238
1204 1205
1204 1208
1204 1209
1204 1210
1204 1238
1204 1239
1204 1240
1204 1243
1204 1244
1205 1210
1205 1244
1206 1207
1207 1208
1207 1211
1207 1241
1208 1209
1208 1211
1208 1212
1208 1213
1208 1238
1208 1241
1208 1242
1208 1243
1208 1247
1209 1210
1209 1213
1209 1243
1210 1213
1210 1214
1210 1243
1210 1244
1210 1245
1210 1249
1211 1212
1211 1215
1211 1216
1211 1241
1211 1246
1211 1247
1211 1250
1212 1213
1212 1216
1212 1247
1213 1214
1213 1216
1213 1217
1213 1218
1213 1243
1213 1247
1213 1248
1213 1249
1213 1252
1214 1218
1214 1249
1215 1216
1215 1219
1215 1250
1216 1217
1216 1219
1216 1220
1216 1221
1216 1247
1216 1250
1216 1251
1216 1252
1216 1255
1217 1218
1217 1221
1217 1252
1218 1221
1218 1222
1218 1249
1218 1252
1218 1253
1218 1257
1219 1220
1219 1223
1219 1224
1219 1250
1219 1254
1219 1255
1219 1258
1220 1221
1220 1224
1220 1255
1221 1222
1221 1224
1221 1225
1221 1226
1221 1252
1221 1255
1221 1256
1221 1257
1221 1260
1222 1226
1222 1257
1223 1224
1223 1227
1223 1258
1224 1225
1224 1227
1224 1228
1224 1229
1224 1255
1224 1258
1224 1259
1224 1260
1224 1263
1225 1226
1225 1229
1225 1260
1226 1229
1226 1230
1226 1257
1226 1260
1226 1261
1226 1265
1227 1228
1227 1231
1227 1232
1227 1258
1227 1262
1227 1263
1228 1229
1228 1232
1228 1263
1229 1230
1229 1232
1229 1233
1229 1234
1229 1260
1229 1263
1229 1264
1229 1265
1229 1267
1230 1234
1230 1265
1231 1232
1232 1233
1232 1263
1232 1266
1232 1267
1233 1234
1233 1267
1234 1265
1234 1267
1234 1268
1235 1236
1235 1237
1235 1238
1236 1238
1236 1239
1237 1238
1237 1241
1238 1239
1238 1240
1238 1241
1238 1242
1238 1243
1239 1240
1240 1243
1240 1244
1241 1242
1241 1246
1241 1247
1242 1243
1242 1247
1243 1244
1243 1245
1243 1247
1243 1248
1243 1249
1244 1245
1245 1249
1246 1247
1246 1250
1247 1248
1247 1250
1247 1251
1247 1252
1248 1249
1248 1252
1249 1252
1249 1253
1250 1251
1250 1254
1250 1255
1251 1252
1251 1255
1252 1253
1252 1255
1252 1256
1252 1257
1253 1257
1254 1255
1254 1258
1255 1256
1255 1258
1255 1259
1255 1260
1256 1257
1256 1260
1257 1260
1257 1261
1258 1259
1258 1262
1258 1263
1259 1260
1259 1263
1260 1261
1260 1263
1260 1264
1260 1265
1261 1265
1262 1263
1263 1264
1263 1266
1263 1267
1264 1265
1264 1267
1265 1267
1265 1268
1266 1267
1267 1268

SURFACE_TRIANGLES
1234 1267 1268
1233 1267 1234
1232 1266 1267
1232 1263 1266
1232 1267 1233
1260 1265 1264
1226 1265 1261
1226 1230 1265
1260 1264 1263
1258 1263 1262
1227 1258 1262
1258 1259 1263
1257 1261 1260
1256 1257 1260
1222 1226 1257
1255 1259 1258
1254 1255 1258
1219 1254 1258
1218 1257 1253
1218 1222 1257
1219 1250 1254
1215 1250 1219
1218 1253 1249
1248 1249 1252
1214 1218 1249
1211 1250 1215
1243 1245 1249
1210 1249 1245
1210 1214 1249
1243 1244 1245
1210 1245 1244
1204 1244 1240
1205 1210 1244
1238 1240 1243
1198 1239 1236
1198 1236 1235
1135 1234 1230
1140 1234 1142
1227 1232 1231
1227 1228 1232
1138 1232 1139
1135 1230 1226
1126 1223 1227
1122 1129 1226
1126 1219 1223
1122 1222 1218
1117 1122 1218
1114 1219 1119
1111 1218 1214
1111 1214 1210
1219 1258 1223
1201 1202 1206
1098 1201 1206
1103 1206 1104
1098 1206 1103
1102 1205 1200
1199 1200 1204
1111 1117 1218
1098 1196 1201
1193 1200 1199
1193 1194 1200
1191 1198 1197
1085 1196 1092
1187 1195 1194
1187 1188 1195
1083 1195 1188
1187 1194 1193
1186 1187 1193
1185 1186 1193
1185 1192 1191
1085 1189 1190
1184 1191 1189
1181 1183 1187
1180 1187 1186
1180 1181 1187
1178 1185 1184
1071 1178 1079
1177 1183 1181
1177 1182 1183
1068 1183 1182
1068 1075 1183
1177 1181 1180
1176 1177 1180
1175 1176 1180
1064 1178 1071
1171 1177 1176
1064 1173 1174
1059 1173 1064
1169 1172 1171
1167 1169 1171
1056 1062 1169
1060 1166 1170
1166 1167 1171
1165 1169 1167
1051 1056 1169
1049 1166 1054
1160 1165 1164
1160 1161 1165
1045 1050 1165
1160 1164 1163
1175 1179 1178
1049 1163 1164
1159 1160 1163
1043 1159 1163
1156 1162 1161
1255 1260 1259
1039 1162 1157
1045 1162 1046
1155 1156 1160
1154 1155 1160
1154 1159 1158
1043 1158 1159
1153 1154 1158
1042 1158 1043
1039 1157 1152
1150 1152 1156
1148 1150 1156
1146 1148 1154
1145 1154 1153
1149 1152 1150
1149 1151 1152
1030 1152 1151
1028 1030 1149
1026 1028 1149
1144 1147 1148
1026 1147 1144
1243 1249 1248
1144 1146 1145
1021 1145 1023
1021 1024 1144
1010 1141 1011
1015 1140 1016
1014 1138 1015
1238 1242 1241
1012 1136 1013
1006 1136 1012
1005 1011 1135
1006 1124 1130
1000 1124 1006
1005 1129 1122
1078 1189 1085
1118 1126 1125
1118 1119 1126
1083 1090 1195
1118 1125 1124
1227 1262 1263
992 1123 1124
991 1122 1117
1175 1180 1179
991 997 1122
1144 1148 1146
1118 1124 1123
987 1113 1118
985 991 1111
1112 1114 1113
1108 1114 1112
982 1108 1112
978 1111 1107
1079 1178 1184
982 1104 1108
978 1107 1102
971 978 1102
974 1104 975
1202 1207 1206
967 1098 974
963 1102 1096
978 985 1111
1013 1138 1014
963 1096 1097
1089 1090 1097
952 1097 1090
1060 1170 1173
1083 1091 1090
952 1090 1091
946 953 1091
1122 1226 1222
1238 1243 1242
940 1078 1085
939 946 1077
974 1103 1104
1070 1079 1078
940 1070 1078
933 1070 940
1068 1076 1077
932 1077 1076
1049 1164 1166
1064 1071 1070
1064 1070 1069
926 1070 933
926 927 1064
1062 1068 1067
922 1068 1063
1021 1143 1145
918 1064 927
922 1063 1058
1056 1058 1062
917 922 1058
918 1053 1059
1053 1054 1060
1051 1057 1058
911 1058 1057
1030 1031 1152
912 1052 1053
912 1047 1052
912 1053 913
1045 1046 1051
899 1042 1047
899 1047 906
1249 1253 1252
903 1046 1039
1035 1042 1041
1021 1144 1143
899 1041 1042
1034 1035 1041
890 1034 1041
898 1041 899
896 1039 1040
895 1039 896
895 903 1039
947 1085 959
1022 1035 1034
1030 1033 1031
1030 1032 1033
886 1032 1030
886 887 1033
1114 1211 1215
884 886 1030
882 884 1030
1241 1242 1247
878 1026 1024
878 880 1026
875 878 1021
882 1028 1026
874 1020 1022
874 1021 1020
874 1022 876
874 875 1021
1031 1033 1039
869 1017 1018
869 1013 1017
869 1018 870
867 1015 868
1165 1168 1169
864 1012 1013
1010 1016 1141
861 1010 1011
861 1011 1005
848 1000 1006
843 1005 997
843 853 1005
1252 1256 1255
838 992 848
991 999 997
844 999 998
843 999 845
844 845 999
987 993 992
832 992 838
824 825 982
980 987 986
1147 1149 1148
980 981 987
987 1118 993
818 982 825
824 981 974
886 1033 1032
972 980 979
822 979 980
822 980 823
815 972 822
1236 1239 1238
814 978 971
1006 1130 1136
817 974 818
922 931 1068
966 967 974
966 973 972
808 965 972
808 972 815
1165 1167 1166
814 971 963
959 967 966
958 959 966
797 959 958
797 798 959
957 966 965
896 1040 1033
957 958 966
804 963 964
804 964 952
794 804 952
789 959 798
956 958 957
797 958 956
807 954 957
797 954 807
1152 1157 1156
796 956 954
796 954 797
794 952 795
1240 1244 1243
789 940 947
918 1059 1064
781 788 946
860 1010 861
832 986 992
775 933 940
781 939 932
774 781 932
992 993 1118
768 926 775
922 932 931
922 924 932
828 837 991
767 932 924
997 1005 1122
1013 1018 1017
767 774 932
1148 1155 1154
1180 1186 1185
918 927 926
918 926 925
760 925 926
760 918 925
760 926 768
760 761 918
922 923 924
767 924 923
917 923 922
766 767 923
1148 1149 1150
755 913 918
755 918 761
759 917 911
753 759 911
1204 1240 1239
1171 1172 1177
755 912 913
903 911 910
746 753 911
1252 1257 1256
899 906 905
898 899 905
747 905 748
740 905 747
896 904 903
746 904 896
895 896 903
740 897 898
1022 1023 1035
731 889 897
739 897 740
731 897 739
1202 1235 1237
729 738 896
1051 1169 1168
1068 1182 1177
1191 1197 1196
1143 1144 1145
888 890 889
876 890 888
717 876 888
730 888 731
725 886 884
723 725 882
721 723 882
721 880 878
716 875 874
715 874 717
715 716 874
868 873 871
713 870 871
1054 1166 1060
713 869 870
712 869 713
707 869 712
795 953 946
704 868 860
704 710 868
707 864 865
855 864 863
862 863 864
855 856 864
706 862 864
699 855 862
890 1022 1034
697 705 861
955 956 957
697 853 854
690 854 845
697 854 698
1193 1199 1198
684 838 846
1075 1083 1183
1079 1184 1189
680 681 844
931 932 1068
1202 1241 1207
1045 1161 1162
838 848 846
684 832 838
675 832 684
1089 1200 1194
680 837 828
670 680 828
1135 1141 1142
1108 1211 1114
682 831 832
682 822 831
822 823 832
675 682 832
665 682 675
828 829 830
674 828 830
674 830 829
821 829 828
670 828 674
673 674 829
658 673 829
818 825 824
658 821 814
1204 1205 1244
974 981 980
648 663 654
662 808 815
910 911 1051
648 806 662
1197 1235 1202
889 890 897
805 807 808
797 807 805
805 808 806
642 797 805
647 802 804
639 647 640
690 698 854
1013 1137 1138
789 798 797
634 796 797
634 797 642
634 635 789
633 795 788
640 795 641
1247 1248 1252
683 684 846
627 782 789
640 804 794
627 789 635
137 143 142
704 861 705
134 135 139
671 672 674
1243 1248 1247
579 738 729
396 405 398
405 412 413
42 153 49
28 30 29
241 248 249
310 488 489
451 452 456
181 361 354
236 400 407
846 848 847
226 405 396
658 829 821
280 292 291
366 553 555
719 721 878
163 329 167
66 170 174
241 412 405
114 218 219
387 395 397
346 349 347
367 556 558
1226 1261 1257
316 499 501
691 855 699
864 1013 865
557 715 717
219 388 389
209 387 380
1051 1058 1056
58 166 66
315 321 316
111 119 225
317 318 323
832 980 986
206 379 377
208 209 379
1030 1151 1149
200 202 371
782 940 789
198 369 381
789 947 959
122 227 228
1104 1211 1108
664 682 665
380 387 577
197 368 367
217 226 395
430 438 436
413 418 608
1196 1197 1202
182 362 183
420 595 601
503 660 508
182 355 357
817 818 824
174 355 182
293 467 475
180 181 343
653 658 814
226 396 395
73 81 76
870 1018 871
136 140 146
754 912 755
860 868 1010
609 610 767
963 971 1102
428 430 435
594 753 746
174 346 347
34 153 42
343 345 344
47 56 48
173 180 332
713 871 714
932 1076 1068
85 189 192
131 243 133
166 339 170
1166 1171 1170
138 280 291
954 955 957
334 335 337
443 448 447
332 344 335
466 474 633
68 76 70
1238 1239 1240
23 110 101
704 860 861
163 324 329
991 1117 1111
321 328 322
8 9 13
321 327 328
480 639 640
759 766 923
277 290 279
318 324 323
163 323 324
162 323 163
161 165 321
1145 1146 1154
634 789 796
16 18 19
1113 1114 1118
796 797 956
332 335 334
181 186 187
311 318 317
1005 1135 1129
371 562 560
355 356 357
154 311 158
307 315 316
1031 1039 1152
157 315 307
85 192 87
1263 1267 1266
662 822 664
348 517 349
700 862 706
299 309 310
297 307 299
379 568 566
170 339 346
725 728 886
746 911 904
38 157 152
1171 1176 1175
848 1006 856
316 321 322
448 452 451
566 723 721
974 1098 1103
327 332 334
607 608 609
148 293 149
0 3 1
299 300 302
299 302 301
437 441 438
287 301 302
323 338 329
283 299 285
1047 1048 1053
80 82 81
135 142 139
129 131 133
448 450 454
1021 1023 1022
716 878 875
311 490 491
459 618 625
138 291 140
966 974 973
236 408 237
1132 1227 1138
277 287 289
274 287 277
398 587 579
349 528 538
508 661 665
272 283 285
1138 1227 1231
1200 1205 1204
144 283 268
180 343 344
139 268 264
338 509 515
259 261 260
263 266 280
822 972 979
138 139 263
139 264 263
276 277 278
60 68 70
139 142 144
259 277 276
287 290 289
5 8 10
259 272 274
254 270 272
954 956 955
254 268 270
986 987 992
197 371 368
163 167 166
250 264 268
272 285 287
56 66 64
263 265 266
250 252 265
1035 1153 1158
903 910 1051
250 262 263
1241 1247 1246
1020 1021 1022
346 348 349
248 254 256
243 251 254
578 579 729
427 432 431
242 244 250
876 1022 890
6 104 18
243 250 251
242 250 243
1070 1071 1079
1135 1142 1234
41 54 44
1184 1185 1191
130 242 243
130 243 131
1062 1063 1068
366 551 550
233 241 234
439 440 443
640 803 804
127 133 233
595 760 601
717 874 876
1131 1138 1137
551 710 704
130 236 237
1059 1060 1173
122 229 236
130 235 236
219 381 388
119 233 225
640 647 803
233 240 241
248 259 258
278 279 466
847 848 855
1131 1132 1138
515 516 517
1067 1068 1177
549 555 709
139 144 268
262 265 263
158 317 323
259 274 277
114 220 228
114 228 227
114 227 122
109 119 111
381 570 580
190 362 364
310 489 480
318 503 324
1207 1241 1211
66 166 170
707 865 869
122 236 235
1114 1215 1219
27 121 124
818 974 975
691 846 847
196 367 198
502 671 658
728 729 886
120 122 121
843 997 999
23 118 119
714 871 872
46 47 48
49 158 50
18 113 19
706 864 707
138 263 280
671 674 673
427 428 432
868 1016 1010
248 258 260
26 113 121
427 431 433
104 114 112
113 122 120
1104 1206 1207
300 310 480
49 153 158
459 611 618
802 963 804
82 174 182
37 39 38
178 181 180
802 814 963
101 111 103
648 662 663
101 110 111
1140 1232 1233
15 23 101
4 88 6
1211 1241 1246
87 185 186
220 389 228
400 588 589
1016 1140 1141
327 334 328
101 103 102
17 24 20
188 191 189
1043 1048 1047
130 244 242
821 828 978
14 101 100
535 545 697
64 72 65
180 344 332
339 515 348
577 579 578
114 122 115
260 261 426
29 37 36
1035 1145 1153
181 354 343
79 186 179
55 63 165
337 345 525
534 545 535
76 84 86
111 217 209
37 41 44
196 197 367
79 86 87
1014 1015 1018
6 88 89
451 455 457
345 534 525
0 6 2
690 845 844
558 731 570
114 210 218
81 85 84
1042 1043 1047
88 92 89
165 327 321
81 82 83
72 80 81
1247 1251 1250
84 85 86
72 81 73
659 660 662
64 66 72
70 78 79
291 292 293
234 241 405
617 774 767
21 27 23
206 208 379
337 344 345
725 884 882
66 74 72
20 21 23
432 437 438
126 129 132
250 268 251
70 76 78
1189 1191 1190
1077 1084 1083
42 49 46
62 70 63
190 364 191
443 447 449
134 139 138
195 198 210
29 36 38
580 740 581
20 25 27
748 906 912
618 627 625
973 974 980
789 797 796
357 538 539
40 46 48
992 1124 1000
1048 1163 1049
210 219 218
113 114 115
152 157 307
738 746 896
356 538 357
19 26 24
174 347 355
140 291 148
24 27 25
1083 1084 1091
6 89 104
843 854 853
32 136 146
113 120 121
50 58 56
20 24 25
185 361 187
85 188 189
45 165 161
932 939 1077
259 278 261
534 537 536
166 167 329
307 308 310
3 20 9
65 76 68
3 17 20
375 566 564
1139 1232 1140
237 408 244
952 1091 953
456 458 467
13 22 23
1096 1102 1200
13 20 22
0 2 3
4 5 91
9 20 13
349 356 355
83 188 85
354 361 534
871 1019 1015
775 940 782
501 502 658
489 501 647
121 122 123
179 186 181
3 16 17
283 297 299
1015 1019 1018
387 397 577
90 197 194
169 173 332
1223 1258 1227
40 42 46
458 459 625
697 861 853
36 37 38
5 94 91
1049 1054 1053
39 45 157
32 147 153
1126 1227 1132
371 373 562
30 40 41
12 13 14
119 127 233
1259 1260 1263
1045 1165 1161
185 193 366
430 433 434
17 19 24
1026 1149 1147
0 5 4
608 610 609
525 527 526
823 980 832
63 173 169
243 254 246
2 6 16
1 3 8
181 187 361
32 146 147
54 62 63
307 310 309
1023 1145 1035
432 438 434
399 588 400
260 413 412
661 662 664
357 539 546
76 86 78
311 312 318
56 58 66
911 1057 1051
1102 1210 1205
29 33 32
337 514 507
4 91 88
157 161 321
72 82 80
1045 1051 1050
79 179 178
449 451 453
198 381 211
441 443 445
23 111 110
1265 1268 1267
27 126 118
165 169 332
13 15 14
204 206 375
299 307 309
337 525 524
124 129 126
1250 1251 1255
241 260 412
191 366 193
28 29 32
102 208 206
526 527 690
1089 1096 1200
1178 1179 1185
78 86 79
287 288 290
113 115 122
236 407 408
1064 1174 1178
20 27 21
148 291 293
111 225 226
709 872 710
316 500 499
480 640 481
65 72 73
92 195 210
8 13 12
63 169 165
397 579 577
6 18 16
28 32 30
85 87 86
98 102 206
91 94 202
46 49 50
27 124 126
254 272 256
265 419 420
959 1085 1092
24 26 27
328 334 336
323 503 508
63 70 71
170 346 174
569 578 727
118 126 119
100 101 102
1124 1125 1131
251 268 254
96 204 202
1179 1180 1185
14 102 98
609 767 766
44 54 45
265 420 421
1235 1238 1237
146 149 147
66 174 74
0 1 5
38 143 137
133 243 246
38 152 145
23 119 109
890 898 897
37 44 45
41 52 54
1190 1191 1196
1237 1238 1241
23 109 111
270 283 272
91 202 200
824 982 981
45 161 157
1048 1049 1053
48 57 60
70 79 71
202 373 371
198 367 369
104 105 114
29 38 33
557 559 558
48 60 52
45 54 55
30 32 34
318 491 495
81 83 85
538 699 700
1138 1231 1232
52 60 54
122 235 130
54 60 62
31 41 37
38 39 157
47 50 56
446 450 448
162 163 166
90 91 197
552 554 555
76 81 84
71 79 178
217 395 387
361 550 551
194 197 196
1246 1247 1250
1191 1192 1198
1119 1219 1126
112 114 113
398 406 594
32 153 34
395 398 397
119 126 127
191 193 192
121 129 124
1107 1111 1210
913 1053 918
121 130 128
128 130 129
844 998 991
189 191 192
1140 1233 1234
3 9 8
18 104 113
246 254 248
5 10 96
60 65 68
244 420 419
134 137 135
74 174 82
211 381 219
134 136 137
166 329 338
94 96 202
134 138 140
285 299 287
20 23 22
135 137 142
89 92 104
357 546 363
1140 1142 1141
32 137 136
864 1006 1012
808 957 965
535 697 537
748 905 906
38 145 143
871 873 872
906 1047 912
147 149 153
867 868 871
79 87 186
87 192 185
244 252 250
185 187 186
265 455 456
807 957 808
555 713 714
102 103 209
562 719 716
731 888 889
14 100 102
365 548 552
250 263 264
680 844 837
54 63 55
183 190 188
272 287 274
202 204 375
474 483 633
121 123 130
439 443 441
29 31 37
197 200 371
362 363 364
1250 1255 1254
50 158 162
248 260 249
268 283 270
133 248 240
871 1018 1019
843 845 854
185 366 360
210 211 219
50 166 58
50 162 166
105 210 114
377 379 566
339 348 346
206 377 375
357 363 362
63 71 173
509 675 682
343 354 534
19 113 26
1092 1196 1098
1062 1067 1177
972 973 980
129 133 132
1198 1199 1239
142 143 145
71 178 173
940 1085 947
173 178 180
157 321 315
96 98 206
428 435 432
91 200 197
33 38 137
88 91 90
1247 1252 1251
114 219 220
82 183 83
26 121 27
82 182 183
191 364 365
551 709 710
595 748 754
41 48 52
1199 1204 1239
126 132 133
259 276 278
287 299 301
868 1015 1016
188 190 191
92 194 195
194 196 198
194 198 195
153 154 158
256 272 259
1089 1194 1195
46 50 47
1228 1263 1232
349 517 528
381 558 570
198 211 210
133 246 248
848 992 1000
336 337 507
878 1024 1021
32 33 137
642 805 648
149 303 311
537 698 690
103 111 209
248 256 259
562 564 721
145 307 297
178 179 181
1 8 5
287 302 288
903 904 911
126 133 127
260 418 413
244 419 265
244 265 252
407 595 420
244 414 420
431 432 433
1047 1053 1052
502 507 671
129 130 131
228 400 229
662 806 808
1264 1265 1267
185 360 361
959 1092 1098
260 426 418
427 430 428
427 429 430
40 48 41
427 433 429
429 433 430
432 434 433
430 436 435
277 279 278
432 435 437
430 434 438
435 440 439
435 436 440
436 438 440
435 441 437
1234 1268 1265
438 442 440
226 234 405
438 441 442
946 1091 1084
440 444 443
440 446 444
441 445 446
1078 1079 1189
440 442 446
441 446 442
443 444 448
443 449 445
445 449 446
447 451 449
446 449 450
447 448 451
448 454 452
449 453 454
449 454 450
316 501 494
451 456 455
452 454 456
1230 1234 1265
451 457 453
500 507 502
453 457 454
454 458 456
454 457 458
265 457 455
265 456 266
1156 1157 1162
265 421 457
421 459 457
457 459 458
465 617 608
279 290 466
647 804 803
5 96 94
483 640 641
856 1006 864
228 399 400
185 192 193
699 862 700
261 278 426
72 74 82
278 465 426
266 456 280
981 1112 987
965 966 972
501 658 653
292 456 467
1068 1077 1075
302 483 482
867 871 1015
1211 1246 1250
146 148 149
569 577 578
130 237 244
648 805 806
364 547 548
134 140 136
516 682 517
1083 1188 1183
992 1118 1123
290 474 466
481 640 483
729 896 887
292 467 293
788 795 946
664 822 682
1196 1202 1201
683 846 691
349 538 356
1252 1253 1257
8 14 10
1131 1137 1136
300 480 302
1263 1264 1267
302 480 481
290 302 482
1251 1252 1255
290 483 474
1062 1177 1172
302 481 483
817 824 974
293 484 303
547 707 711
293 475 484
1235 1236 1238
1174 1175 1178
547 711 548
308 488 310
959 1098 967
303 484 311
311 491 312
633 641 795
311 484 490
37 45 39
558 730 731
1255 1256 1260
308 316 488
740 898 905
121 128 129
781 946 939
560 562 716
316 494 488
654 663 660
312 491 318
413 607 609
633 788 781
140 148 146
554 713 555
1192 1193 1198
14 98 96
579 587 746
748 912 754
499 500 501
316 322 500
96 206 204
1035 1158 1042
500 502 501
721 882 880
855 863 862
828 985 978
318 495 503
1125 1126 1131
946 1084 1077
322 328 500
328 336 500
336 507 500
323 324 503
30 41 31
149 293 303
508 665 509
1129 1135 1226
963 1097 964
348 515 517
509 516 515
562 721 719
1015 1139 1140
334 337 336
60 70 62
343 534 345
14 15 101
1033 1040 1039
337 524 526
524 525 526
337 526 514
987 1112 1113
1202 1237 1241
375 377 566
250 265 262
903 1051 1046
1013 1014 1018
681 690 844
525 534 536
525 536 537
887 896 1033
366 549 551
361 551 543
525 537 527
534 535 537
288 302 290
674 681 680
361 544 534
534 544 545
361 545 544
361 543 545
363 546 364
29 30 31
364 546 547
647 814 802
225 233 226
360 366 361
361 366 550
347 349 355
435 439 441
299 310 300
365 552 366
122 228 229
366 552 553
552 555 553
144 145 283
240 248 241
366 555 549
166 338 339
548 554 552
367 368 557
367 558 369
367 557 556
588 747 748
556 557 558
219 389 220
368 371 557
1053 1060 1059
371 560 557
611 760 768
1156 1161 1160
375 564 562
1185 1193 1192
16 19 17
379 380 569
379 569 568
290 482 483
369 558 381
395 396 398
278 466 465
975 1104 982
1011 1141 1135
588 748 589
1148 1156 1155
1058 1063 1062
277 289 290
373 375 562
83 183 188
142 145 144
380 577 569
258 259 260
381 580 388
981 982 1112
822 832 831
600 609 759
388 580 389
389 580 581
228 389 399
709 714 872
1051 1168 1165
65 73 76
1102 1107 1210
517 683 691
397 398 579
1197 1198 1235
389 588 399
389 581 588
183 362 190
1013 1136 1137
568 569 727
1085 1190 1196
717 888 730
555 714 709
1015 1138 1139
398 594 587
1089 1097 1096
335 344 337
400 595 407
400 589 595
48 56 57
307 316 308
202 375 373
558 559 717
45 55 165
2 16 3
406 413 594
568 727 725
710 872 868
407 420 408
149 311 154
1062 1172 1169
413 608 607
102 209 208
413 609 600
420 611 421
413 600 594
420 601 611
1089 1195 1090
581 740 588
1154 1160 1159
509 665 675
418 426 608
145 152 307
608 617 610
421 611 459
92 105 104
1130 1131 1136
209 380 379
659 662 661
865 1013 869
398 405 406
323 509 338
111 226 217
465 466 617
458 625 467
1227 1263 1228
467 625 626
408 420 414
1260 1261 1265
707 712 711
1170 1171 1175
467 626 634
0 4 6
165 332 327
466 633 624
467 634 475
1242 1243 1247
691 847 855
626 627 634
323 329 324
627 635 634
1173 1175 1174
104 112 113
13 23 15
589 748 595
158 323 162
868 872 873
759 923 917
483 641 633
475 634 484
1104 1207 1211
484 634 642
191 365 366
484 648 490
526 690 681
488 501 489
480 489 647
444 446 448
480 647 639
490 648 491
491 648 649
617 624 781
587 594 746
122 130 123
488 494 501
537 697 698
501 653 647
244 408 414
88 90 92
491 649 654
828 991 985
594 759 753
640 794 795
659 661 660
508 660 661
158 311 317
610 617 767
660 663 662
648 654 649
661 664 665
495 654 660
727 729 728
1050 1051 1165
30 34 42
578 729 727
507 672 671
658 671 673
1039 1046 1162
882 1030 1028
145 297 283
280 456 292
526 674 672
507 514 526
853 861 1005
466 624 617
670 674 680
1024 1026 1144
526 681 674
509 682 516
675 684 682
517 682 683
682 684 683
57 65 60
991 998 999
848 856 855
517 691 528
209 217 387
1043 1163 1048
627 775 782
92 210 105
30 42 40
527 537 690
484 642 648
528 691 538
538 700 539
538 691 699
229 400 236
90 194 92
543 704 545
8 12 14
545 705 697
545 704 705
539 700 546
495 660 503
546 707 547
729 887 886
546 700 706
546 706 707
364 548 365
543 551 704
549 709 551
926 1069 1070
647 653 814
548 711 554
554 711 713
711 712 713
557 560 716
557 717 559
149 154 153
557 716 715
775 926 933
564 566 721
323 508 509
1183 1188 1187
566 568 725
566 725 723
182 357 362
725 727 728
911 917 1058
558 717 730
716 719 878
601 760 611
491 654 495
56 64 65
926 1064 1069
837 844 991
241 249 260
1124 1131 1130
570 731 580
1114 1119 1118
580 739 740
814 821 978
1075 1077 1083
580 731 739
579 746 738
588 740 747
1126 1132 1131
56 65 57
880 882 1026
1164 1165 1166
133 240 233
662 815 822
10 14 96
405 413 406
1170 1175 1173
594 600 759
595 754 760
754 755 760
226 233 234
755 761 760
795 952 953
818 975 982
952 964 1097
609 766 759
890 1041 898
338 515 339
611 775 618
611 768 775
625 627 626
507 526 672
23 27 118
617 781 774
618 775 627
426 465 608
624 633 781
